Title,Date,Time,Link
Pesakit Covid-19 kritikal di China terus meningkat,2023-01-19,02:02:00,/global/asia/2023/01/927477/pesakit-covid-19-kritikal-di-china-terus-meningkat
"Padah menyamar polis, merompak",2023-01-19,01:52:00,/mutakhir/2023/01/927472/padah-menyamar-polis-merompak
Tujuh premis makanan di Gua Musang diarah tutup,2023-01-19,01:08:00,/mutakhir/2023/01/927439/tujuh-premis-makanan-di-gua-musang-diarah-tutup
Polis belum temui sebarang petunjuk identiti mangsa dipotong enam [METROTV],2023-01-18,23:03:00,/mutakhir/2023/01/927391/polis-belum-temui-sebarang-petunjuk-identiti-mangsa-dipotong-enam-metrotv
"NPRA pantau data, analisis semasa kesan sampingan vaksin Bivalent",2023-01-18,00:44:00,/mutakhir/2023/01/927087/npra-pantau-data-analisis-semasa-kesan-sampingan-vaksin-bivalent
Klinik Amal Percuma bantu komuniti memerlukan,2023-01-17,01:47:00,/mutakhir/2023/01/926753/klinik-amal-percuma-bantu-komuniti-memerlukan
"Covid-19: Kes di Melaka turun, pelitup muka digalakkan",2023-01-17,00:56:00,/mutakhir/2023/01/926741/covid-19-kes-di-melaka-turun-pelitup-muka-digalakkan
Anak siapakah ini?,2023-01-16,22:23:00,/mutakhir/2023/01/926673/anak-siapakah-ini
Kementerian Kesihatan Vietnam beri amaran penularan semula Covid-19,2023-01-16,01:04:00,/global/asia/2023/01/926436/kementerian-kesihatan-vietnam-beri-amaran-penularan-semula-covid-19
Patah balik sebab nampak 'lain macam',2023-01-15,16:00:00,/utama/2023/01/926224/patah-balik-sebab-nampak-lain-macam
"Didera, dibuang tepi jalan",2023-01-14,05:29:00,/utama/2023/01/925823/didera-dibuang-tepi-jalan
Perlu saring suhu badan di pintu masuk antarabangsa Sarawak,2023-01-13,02:43:00,/mutakhir/2023/01/925453/perlu-saring-suhu-badan-di-pintu-masuk-antarabangsa-sarawak
Tarikh luput tujuh produk vaksin Covid-19 dilanjutkan,2023-01-13,02:30:00,/mutakhir/2023/01/925443/tarikh-luput-tujuh-produk-vaksin-covid-19-dilanjutkan
Bekas tentera gagal cabar penamatan awal khidmat selepas enggan divaksin,2023-01-12,00:13:00,/mutakhir/2023/01/925025/bekas-tentera-gagal-cabar-penamatan-awal-khidmat-selepas-enggan-divaksin
Ambil iktibar pengalaman lalu,2023-01-11,15:01:00,/rencana/2023/01/924813/ambil-iktibar-pengalaman-lalu
Nyamuk Aedes semakin 'kebal',2023-01-11,02:41:00,/global/asia/2023/01/924699/nyamuk-aedes-semakin-kebal
Peluang Djokovic 'lepas geram',2023-01-10,20:06:00,/arena/lain/2023/01/924510/peluang-djokovic-lepas-geram
Penumpang pesawat jarak jauh disyor pakai pelitup muka - WHO,2023-01-10,19:25:00,/global/eropah/2023/01/924492/penumpang-pesawat-jarak-jauh-disyor-pakai-pelitup-muka-who
Bantu si bulus jalanan,2023-01-10,14:11:00,/ku-bela/2023/01/924424/bantu-si-bulus-jalanan
Tarikh luput vaksin Covid-19 dipanjangkan,2023-01-10,01:52:00,/mutakhir/2023/01/924332/tarikh-luput-vaksin-covid-19-dipanjangkan
'Sup kuman' penyebab pelbagai penyakit,2023-01-02,15:00:00,/rencana/2023/01/921636/sup-kuman-penyebab-pelbagai-penyakit
KKM tingkat kaedah bendung penularan Covid-19,2023-01-01,20:29:00,/mutakhir/2023/01/921387/kkm-tingkat-kaedah-bendung-penularan-covid-19
Ambang gelombang baharu?,2022-12-31,20:00:00,/utama/2023/01/921098/ambang-gelombang-baharu
Sekat pengembara China bendung Covid-19 tidak berkesan,2022-12-29,18:50:00,/mutakhir/2022/12/920453/sekat-pengembara-china-bendung-covid-19-tidak-berkesan
Hampir separuh penumpang pesawat China tiba di Milan positif Covid-19,2022-12-28,23:52:00,/global/eropah/2022/12/920273/hampir-separuh-penumpang-pesawat-china-tiba-di-milan-positif-covid-19
Kedatangan pelancong China perlu guna agensi pelancongan berdaftar [METROTV],2022-12-28,23:36:00,/mutakhir/2022/12/920265/kedatangan-pelancong-china-perlu-guna-agensi-pelancongan-berdaftar-metrotv
Rakyat disaran ambil dos penggalak Covid-19,2022-12-28,20:53:00,/mutakhir/2022/12/920197/rakyat-disaran-ambil-dos-penggalak-covid-19
Nama menu jadi tarikan!,2022-12-27,21:05:00,/pks/2022/12/919892/nama-menu-jadi-tarikan
"Djokovic, Nadal mulakan persaingan",2022-12-27,20:23:00,/arena/lain/2022/12/919878/djokovic-nadal-mulakan-persaingan
Covid-19: KKM pertingkat kesiapsiagaan susulan peningkatan kes di China,2022-12-26,21:27:00,/mutakhir/2022/12/919591/covid-19-kkm-pertingkat-kesiapsiagaan-susulan-peningkatan-kes-di-china
"Covid-19: Trend terkawal, KKM tetap siap siaga",2022-12-26,19:25:00,/mutakhir/2022/12/919553/covid-19-trend-terkawal-kkm-tetap-siap-siaga
China tamatkan kuarantin semasa ketibaan [METROTV],2022-12-26,17:47:00,/global/asia/2022/12/919528/china-tamatkan-kuarantin-semasa-ketibaan-metrotv
Djokovic kembali hangatkan Terbuka Australia,2022-12-23,19:37:00,/arena/lain/2022/12/918730/djokovic-kembali-hangatkan-terbuka-australia
Covid-19: Pelancong masuk India disaring secara rawak,2022-12-22,19:07:00,/global/asia/2022/12/918419/covid-19-pelancong-masuk-india-disaring-secara-rawak
Warga emas jadi 'sasaran' Covid-19 di China,2022-12-22,01:29:00,/global/asia/2022/12/918215/warga-emas-jadi-sasaran-covid-19-di-china
WHO gesa China tumpu usaha vaksin kumpulan berisiko,2022-12-22,00:32:00,/global/asia/2022/12/918177/who-gesa-china-tumpu-usaha-vaksin-kumpulan-berisiko
Djokovic 'wajib' beraksi di Terbuka Australia,2022-12-21,16:41:00,/arena/lain/2022/12/917960/djokovic-wajib-beraksi-di-terbuka-australia
'Gila' ayam 'sombong',2022-12-20,15:00:00,/ku-bela/2022/12/917548/gila-ayam-sombong
Hospital Tengku Anis turut dilanda banjir [METROTV],2022-12-18,17:26:00,/mutakhir/2022/12/916716/hospital-tengku-anis-turut-dilanda-banjir-metrotv
Pusat jagaan China bergelut lindungi warga emas,2022-12-18,01:01:00,/global/asia/2022/12/916502/pusat-jagaan-china-bergelut-lindungi-warga-emas
Kaedah tak masuk akal,2022-12-03,15:30:00,/utama/2022/12/911230/kaedah-tak-masuk-akal
"17,000 anggota KKM siap siaga hadapi banjir",2022-12-01,00:20:00,/mutakhir/2022/12/910321/17000-anggota-kkm-siap-siaga-hadapi-banjir
Kempen vaksin warga emas beri harapan China longgarkan dasar Covid-19,2022-11-30,02:33:00,/global/asia/2022/11/910000/kempen-vaksin-warga-emas-beri-harapan-china-longgarkan-dasar-covid-19
Purata 6 mati setiap minggu di Selangor akibat Covid-19,2022-11-29,20:04:00,/mutakhir/2022/11/909788/purata-6-mati-setiap-minggu-di-selangor-akibat-covid-19
"Selangor catat statistik kanak-kanak paling ramai, Labuan paling rendah",2022-11-27,22:52:00,/mutakhir/2022/11/909148/selangor-catat-statistik-kanak-kanak-paling-ramai-labuan-paling-rendah
Perang masih berterusan,2022-11-26,14:12:00,/sihat/2022/11/908668/perang-masih-berterusan
Covid-19: Itali catat peningkatan kes,2022-11-25,20:10:00,/global/eropah/2022/11/908461/covid-19-itali-catat-peningkatan-kes
Sorakan Piala Dunia di Seoul perlu langkah keselamatan ketat,2022-11-23,01:14:00,/global/asia/2022/11/907489/sorakan-piala-dunia-di-seoul-perlu-langkah-keselamatan-ketat
Djokovic semakin bernafsu buru kejuaraan,2022-11-20,19:33:00,/arena/lain/2022/11/906545/djokovic-semakin-bernafsu-buru-kejuaraan
Cetus komplikasi serius,2022-11-19,15:00:00,/sihat/2022/11/906111/cetus-komplikasi-serius
Telinga tengah terjejas,2022-11-19,14:30:00,/sihat/2022/11/906096/telinga-tengah-terjejas
Berbusana tradisional ketika mengundi,2022-11-19,01:19:00,/mutakhir/2022/11/905846/berbusana-tradisional-ketika-mengundi
China perlu bina lebih banyak hospital Covid,2022-11-17,01:43:00,/global/asia/2022/11/904963/china-perlu-bina-lebih-banyak-hospital-covid
Covid-19: KJ belum terima notis saman [METROTV],2022-11-16,21:08:00,/mutakhir/2022/11/904796/covid-19-kj-belum-terima-notis-saman-metrotv
"PRU-15: Anggap vaksin Covid-19 uji kaji, KJ minta calon rujuk data KKM [METROTV]",2022-11-16,20:51:00,/mutakhir/2022/11/904787/pru-15-anggap-vaksin-covid-19-uji-kaji-kj-minta-calon-rujuk-data-kkm-metrotv
Djokovic dapat visa sertai Terbuka Australia,2022-11-16,19:30:00,/arena/lain/2022/11/904742/djokovic-dapat-visa-sertai-terbuka-australia
Australia tidak disyorkan dos kelima,2022-11-15,20:39:00,/global/asia/2022/11/904397/australia-tidak-disyorkan-dos-kelima
Kestabilan politik tambah kekuatan ekonomi,2022-11-15,18:32:00,/bisnes/2022/11/904343/kestabilan-politik-tambah-kekuatan-ekonomi
Dolly Parton terima 'hadiah' AS$100 juta,2022-11-14,19:39:00,/global/amerika-utara/2022/11/903905/dolly-parton-terima-hadiah-as100-juta
Djokovic tewaskan Tsitsipas pada aksi pembukaan,2022-11-14,17:48:00,/arena/lain/2022/11/903857/djokovic-tewaskan-tsitsipas-pada-aksi-pembukaan
Kilang vaksin halal Pharmaniaga siap 2024,2022-10-22,00:24:00,/bisnes/2022/10/895097/kilang-vaksin-halal-pharmaniaga-siap-2024
"Apa itu subvarian baharu Omicron, XBB?",2022-10-18,22:35:00,/global/amerika-utara/2022/10/894074/apa-itu-subvarian-baharu-omicron-xbb
'Chee Hoi Lan adalah guru tadika saya',2022-10-17,15:31:00,/mutakhir/2022/10/893572/chee-hoi-lan-adalah-guru-tadika-saya
"Sifar hepatitis B, C bukan mustahil",2022-10-15,16:00:00,/sihat/2022/10/892911/sifar-hepatitis-b-c-bukan-mustahil
Omicron varian XBB belum dikesan di Malaysia [METROTV],2022-10-13,03:09:00,/mutakhir/2022/10/892101/omicron-varian-xbb-belum-dikesan-di-malaysia-metrotv
PRU-15: Individu positif Covid-19 dibenar mengundi [METROTV],2022-10-13,01:34:00,/mutakhir/2022/10/892051/pru-15-individu-positif-covid-19-dibenar-mengundi-metrotv
China tidak akan hentikan dasar sifar-Covid,2022-10-12,00:30:00,/global/asia/2022/10/891620/china-tidak-akan-hentikan-dasar-sifar-covid
Djokovic lebih bersemangat buru gelaran,2022-10-09,19:53:00,/arena/lain/2022/10/890780/djokovic-lebih-bersemangat-buru-gelaran
Jumlah dagangan lebih RM2 trilion,2022-10-07,23:37:00,/bisnes/2022/10/890226/jumlah-dagangan-lebih-rm2-trilion
Bajet 2023: Pengiktirafan terhadap sektor kesihatan - Khairy,2022-10-07,04:46:00,/mutakhir/2022/10/889968/bajet-2023-pengiktirafan-terhadap-sektor-kesihatan-khairy
Bajet terbaik memperkasakan sektor kesihatan,2022-10-07,04:24:00,/mutakhir/2022/10/889954/bajet-terbaik-memperkasakan-sektor-kesihatan
Bajet 2023: Kapasiti perkhidmatan kesihatan awam diperkasa,2022-10-07,03:19:00,/mutakhir/2022/10/889894/bajet-2023-kapasiti-perkhidmatan-kesihatan-awam-diperkasa
Rawat kesakitan ketika endemik COVID-19 dengan Paracetamol,2022-10-06,03:19:00,/sihat/2022/10/889481/rawat-kesakitan-ketika-endemik-covid-19-dengan-paracetamol
"AS lapor lebih 26,000 kes cacar monyet",2022-10-05,00:38:00,/global/amerika-utara/2022/10/889017/lapor-lebih-26000-kes-cacar-monyet
Hisham Ahmad Tajuddin kritikal,2022-10-01,00:53:00,/rap/2022/10/887675/hisham-ahmad-tajuddin-kritikal
"Indonesia luluskan vaksin Covid-19 buatan tempatan, ada sijil halal",2022-09-30,03:11:00,/global/asia/2022/09/887378/indonesia-luluskan-vaksin-covid-19-buatan-tempatan-ada-sijil-halal
"Hampir 100,000 lembu dan kerbau mati akibat LSD",2022-09-30,02:28:00,/global/asia/2022/09/887360/hampir-100000-lembu-dan-kerbau-mati-akibat-lsd
Djokovic kembali beraksi,2022-09-29,19:07:00,/arena/lain/2022/09/887148/djokovic-kembali-beraksi
"Transformasi, evolusi FUJIFILM",2022-09-29,15:35:00,/mutakhir/2022/09/887084/transformasi-evolusi-fujifilm
Pemakaian pelitup muka dalam pesawat tidak wajib - MAG,2022-09-28,19:43:00,/bisnes/2022/09/886768/pemakaian-pelitup-muka-dalam-pesawat-tidak-wajib-mag
Malaysia berisiko kena cacar monyet?,2022-09-02,17:00:00,/utama/2022/09/878205/malaysia-berisiko-kena-cacar-monyet
Jepun rombak prosedur kuarantin Covid-19 di lapangan terbang,2022-09-02,04:31:00,/global/asia/2022/09/878094/jepun-rombak-prosedur-kuarantin-covid-19-di-lapangan-terbang
EMA syor dua vaksin Covid-19 menentang Omicron,2022-09-01,23:21:00,/global/eropah/2022/09/877972/ema-syor-dua-vaksin-covid-19-menentang-omicron
Vaksin khusus untuk Omicron,2022-08-31,20:44:00,/global/amerika-utara/2022/09/877608/vaksin-khusus-untuk-omicron
"AS catat lebih 17,000 kes cacar monyet",2022-08-30,17:37:00,/global/amerika-utara/2022/08/877210/catat-lebih-17000-kes-cacar-monyet
Tiada lebihan vaksin Covid-19 di Malaysia,2022-08-29,22:06:00,/mutakhir/2022/08/876877/tiada-lebihan-vaksin-covid-19-di-malaysia
Sarawak belanja RM300 juta untuk vaksinasi Covid-19,2022-08-27,21:14:00,/mutakhir/2022/08/876196/sarawak-belanja-rm300-juta-untuk-vaksinasi-covid-19
UKM lakar sejarah terima anugerah BrandLaureate,2022-08-27,03:20:00,/mutakhir/2022/08/876010/ukm-lakar-sejarah-terima-anugerah-brandlaureate
"Covid-19 belum berakhir, tapi boleh ditamatkan",2022-08-27,02:12:00,/global/eropah/2022/08/875985/covid-19-belum-berakhir-tapi-boleh-ditamatkan
"Meski tiada kes aktif cacar monyet, New Zealand buat persediaan",2022-08-26,21:36:00,/global/asia/2022/08/875899/meski-tiada-kes-aktif-cacar-monyet-new-zealand-buat-persediaan
Nadal sedih tiada kelibat Djokovic di Terbuka AS,2022-08-26,21:12:00,/arena/lain/2022/08/875887/nadal-sedih-tiada-kelibat-djokovic-di-terbuka
"Moderna saman Pfizer, BioNTech kerana tiru paten [METROTV]",2022-08-26,21:05:00,/global/amerika-utara/2022/08/875885/moderna-saman-pfizer-biontech-kerana-tiru-paten-metrotv
Aku tewas jua di Bali?,2022-08-26,16:01:00,/utama/2022/08/875832/aku-tewas-jua-di-bali
Djokovic tidak dapat beraksi di Terbuka AS,2022-08-25,18:07:00,/arena/lain/2022/08/875567/djokovic-tidak-dapat-beraksi-di-terbuka
Agong titah KPDNHEP giat usaha lindungi kesejahteraan rakyat,2022-08-25,07:00:00,/mutakhir/2022/08/875499/agong-titah-kpdnhep-giat-usaha-lindungi-kesejahteraan-rakyat
Singapura akan beri suntikan dos penggalak kepada kanak-kanak,2022-08-24,17:47:00,/global/asia/2022/08/875190/singapura-akan-beri-suntikan-dos-penggalak-kepada-kanak-kanak
Suntikan vaksin Covid-19 kekal syarat wajib untuk pas pekerja Singapura,2022-08-24,17:42:00,/global/asia/2022/08/875188/suntikan-vaksin-covid-19-kekal-syarat-wajib-untuk-pas-pekerja-singapura
McEnroe kecam penganjur Terbuka AS,2022-08-23,21:07:00,/arena/lain/2022/08/874891/mcenroe-kecam-penganjur-terbuka
Anthony Fauci bakal bersara selepas berkhidmat lebih 50 tahun,2022-08-23,01:10:00,/global/amerika-utara/2022/08/874663/anthony-fauci-bakal-bersara-selepas-berkhidmat-lebih-50-tahun
Zverev tarik diri Terbuka AS,2022-08-22,19:19:00,/arena/lain/2022/08/874504/zverev-tarik-diri-terbuka
Vaksin kanak-kanak amat penting,2022-08-06,15:16:00,/sihat/2022/08/868986/vaksin-kanak-kanak-amat-penting
"Korea Utara rekod sifar kes baharu Covid-19, semua pesakit pulih",2022-08-05,02:05:00,/global/asia/2022/08/868603/korea-utara-rekod-sifar-kes-baharu-covid-19-semua-pesakit-pulih
Angkara berita palsu,2022-08-05,01:11:00,/mutakhir/2022/08/868586/angkara-berita-palsu
AS isytihar darurat kesihatan awam terhadap penularan cacar monyet,2022-08-04,20:03:00,/global/amerika-utara/2022/08/868488/isytihar-darurat-kesihatan-awam-terhadap-penularan-cacar-monyet
Vaksin Covid-19 Spikevax lulus penggunaan,2022-08-04,03:20:00,/mutakhir/2022/08/868331/vaksin-covid-19-spikevax-lulus-penggunaan
Hanya 42.3 peratus kanak-kanak lengkap vaksin Covid-19 [METROTV],2022-08-02,21:43:00,/mutakhir/2022/08/867805/hanya-423-peratus-kanak-kanak-lengkap-vaksin-covid-19-metrotv
"Malaysia, AS terus pererat kerjasama",2022-08-02,08:24:00,/mutakhir/2022/08/867686/malaysia-terus-pererat-kerjasama
Cacar monyet: California isytihar darurat,2022-08-02,00:04:00,/global/amerika-utara/2022/08/867521/cacar-monyet-california-isytihar-darurat
Virus polio dikesan dalam air buangan di New York,2022-08-01,18:42:00,/global/amerika-utara/2022/08/867391/virus-polio-dikesan-dalam-air-buangan-di-new-york
New Zealand buka sepenuhnya sempadan [METROTV],2022-07-31,19:41:00,/global/asia/2022/08/867072/new-zealand-buka-sepenuhnya-sempadan-metrotv
Cacar Monyet: New York isytihar darurat,2022-07-31,17:39:00,/global/amerika-utara/2022/08/867058/cacar-monyet-new-york-isytihar-darurat
Djokovic sedia bertarung di Terbuka AS,2022-07-30,19:51:00,/arena/lain/2022/07/866800/djokovic-sedia-bertarung-di-terbuka
Tui bangga wakili Tuvalu,2022-07-30,03:04:00,/arena/lain/2022/07/866639/tui-bangga-wakili-tuvalu
Picagari sama diguna untuk suntik 30 pelajar sekolah,2022-07-29,22:03:00,/global/asia/2022/07/866502/picagari-sama-diguna-untuk-suntik-30-pelajar-sekolah
Indonesia mula beri dos penggalak kedua vaksin Covid-19,2022-07-29,17:15:00,/global/asia/2022/07/866422/indonesia-mula-beri-dos-penggalak-kedua-vaksin-covid-19
"Tiket habis, konsert tiada",2022-07-29,15:20:00,/rap/2022/07/866385/tiket-habis-konsert-tiada
Dunia mula 'darurat',2022-07-29,14:59:00,/rencana/2022/07/866375/dunia-mula-darurat
Filipina lapor kes pertama cacar monyet,2022-07-29,00:44:00,/global/asia/2022/07/866274/filipina-lapor-kes-pertama-cacar-monyet
"Virus maut bunuh 3 gajah, pakar buntu tidak temui penawar",2022-07-29,00:02:00,/global/eropah/2022/07/866238/virus-maut-bunuh-3-gajah-pakar-buntu-tidak-temui-penawar
Sabah jamin fasiliti kesihatan mampu tampung pesakit Covid-19,2022-07-28,18:01:00,/mutakhir/2022/07/866150/sabah-jamin-fasiliti-kesihatan-mampu-tampung-pesakit-covid-19
Influenza menyerang!,2022-07-16,16:00:00,/sihat/2022/07/862262/influenza-menyerang
Tahap imuniti menurun mungkin antara punca jangkitan Covid-19 tinggi: Pakar,2022-07-15,23:41:00,/mutakhir/2022/07/862113/tahap-imuniti-menurun-mungkin-antara-punca-jangkitan-covid-19-tinggi-pakar
Kempunan beraksi di Piala Dunia jika tolak vaksin,2022-07-15,21:12:00,/arena/bola-sepak/2022/07/862059/kempunan-beraksi-di-piala-dunia-jika-tolak-vaksin
Individu 50 tahun ke atas di UK ditawar dos penggalak kedua Covid-19,2022-07-15,20:20:00,/global/eropah/2022/07/862041/individu-50-tahun-ke-atas-di-uk-ditawar-dos-penggalak-kedua-covid-19
"Naik kapal laut, lihat dua kematian sebelum sampai ke Jeddah",2022-07-15,19:04:00,/mutakhir/2022/07/862019/naik-kapal-laut-lihat-dua-kematian-sebelum-sampai-ke-jeddah
Permintaan luar jangka,2022-07-15,18:00:00,/bisnes/2022/07/862003/permintaan-luar-jangka
Tiada kes cacar monyet babit jemaah haji Malaysia di Arab Saudi,2022-07-15,04:01:00,/mutakhir/2022/07/861892/tiada-kes-cacar-monyet-babit-jemaah-haji-malaysia-di-arab-saudi
FDA lulus Novavax untuk individu 18 tahun ke atas,2022-07-13,19:22:00,/global/amerika-utara/2022/07/861408/fda-lulus-novavax-untuk-individu-18-tahun-ke-atas
Perkukuh kerjasama strategik,2022-07-13,14:59:00,/rencana/2022/07/861317/perkukuh-kerjasama-strategik
"Baka kampung lasak, menawan",2022-07-12,16:00:00,/ku-bela/2022/07/861034/baka-kampung-lasak-menawan
Pulau Pinang tertinggi terima dos penggalak [METROTV],2022-07-11,21:58:00,/mutakhir/2022/07/860791/pulau-pinang-tertinggi-terima-dos-penggalak-metrotv
7 juta rakyat Malaysia belum ambil dos penggalak Covid-19 [METROTV],2022-07-10,21:25:00,/mutakhir/2022/07/860525/7-juta-rakyat-malaysia-belum-ambil-dos-penggalak-covid-19-metrotv
7 sebab perlu ambil vaksin,2022-07-09,15:55:00,/sihat/2022/07/860164/7-sebab-perlu-ambil-vaksin
"Lebih ramai boleh tunai haji tahun depan, vaksinasi banyak membantu",2022-07-09,02:27:00,/global/asia/2022/07/860046/lebih-ramai-boleh-tunai-haji-tahun-depan-vaksinasi-banyak-membantu
Dos penggalak kedua langkah tepat bendung Covid-19,2022-07-08,20:18:00,/mutakhir/2022/07/859910/dos-penggalak-kedua-langkah-tepat-bendung-covid-19
Kerajaan sambut baik hasrat Turkiye bangunkan vaksin Covid-19 di Malaysia,2022-07-08,05:12:00,/mutakhir/2022/07/859792/kerajaan-sambut-baik-hasrat-turkiye-bangunkan-vaksin-covid-19-di-malaysia
"Jangan risau, lembu Thailand OK!",2022-07-08,01:47:00,/mutakhir/2022/07/859714/jangan-risau-lembu-thailand-ok
Sejuta jemaah tiba untuk wukuf di Arafah,2022-07-07,20:53:00,/utama/2022/07/859600/sejuta-jemaah-tiba-untuk-wukuf-di-arafah
Haji terbesar sejak Covid-19,2022-07-07,16:01:00,/utama/2022/07/859536/haji-terbesar-sejak-covid-19
Lupus 13.6 juta dos vaksin AZ 'tak laku',2022-07-07,15:00:00,/global/amerika-utara/2022/07/859499/lupus-136-juta-dos-vaksin-az-tak-laku
Kesan gelombang baharu Covid-19 mungkin tidak besar [METROTV],2022-06-25,00:14:00,/mutakhir/2022/06/855448/kesan-gelombang-baharu-covid-19-mungkin-tidak-besar-metrotv
"Malaysia sumbang 500,000 dos Sinopharm kepada Laos",2022-06-21,22:05:00,/global/asia/2022/06/854399/malaysia-sumbang-500000-dos-sinopharm-kepada-laos
Moderna bina fasiliti pembuatan vaksin baharu di Britain,2022-06-21,18:13:00,/global/eropah/2022/06/854337/moderna-bina-fasiliti-pembuatan-vaksin-baharu-di-britain
Iraq isytihar gelombang baharu Covid-19,2022-06-20,20:42:00,/global/asia/2022/06/854022/iraq-isytihar-gelombang-baharu-covid-19
PICKids dibuka selama 5 hari,2022-06-19,05:22:00,/mutakhir/2022/06/853583/pickids-dibuka-selama-5-hari
"Makanan, ubatan dorong kenaikan harga lembu korban",2022-06-18,23:21:00,/mutakhir/2022/06/853485/makanan-ubatan-dorong-kenaikan-harga-lembu-korban
"Thailand longgarkan kemasukan pelancong, mansuh pemakaian pelitup muka",2022-06-18,22:54:00,/global/asia/2022/06/853471/thailand-longgarkan-kemasukan-pelancong-mansuh-pemakaian-pelitup-muka
Jangka harga ayam RM10 sekilo,2022-06-18,16:30:00,/mutakhir/2022/06/853347/jangka-harga-ayam-rm10-sekilo
Wajib terima suntikan tifoid,2022-06-18,15:30:00,/sihat/2022/06/853301/wajib-terima-suntikan-tifoid
Omicron kurang kemungkinan untuk sebabkan long Covid,2022-06-16,20:32:00,/global/eropah/2022/06/852775/omicron-kurang-kemungkinan-untuk-sebabkan-long-covid
Thailand lulus dos penggalak setiap empat bulan,2022-06-16,18:59:00,/global/asia/2022/06/852752/thailand-lulus-dos-penggalak-setiap-empat-bulan
"KKM usaha kesan bayi, kanak-kanak tercicir vaksinasi ketika PKP [METROTV]",2022-06-16,01:46:00,/mutakhir/2022/06/852530/kkm-usaha-kesan-bayi-kanak-kanak-tercicir-vaksinasi-ketika-pkp-metrotv
FDA syorkan vaksin Moderna untuk kanak-kanak bawah 5 tahun,2022-06-15,18:55:00,/global/amerika-utara/2022/06/852344/fda-syorkan-vaksin-moderna-untuk-kanak-kanak-bawah-5-tahun
Indonesia mulakan vaksinasi terhadap ternakan,2022-06-15,02:20:00,/global/asia/2022/06/852219/indonesia-mulakan-vaksinasi-terhadap-ternakan
Pembabitan Nafas dan Angkasa dalam industri ternakan ayam disambut baik kerajaan,2022-06-14,02:21:00,/mutakhir/2022/06/851876/pembabitan-nafas-dan-angkasa-dalam-industri-ternakan-ayam-disambut-baik
EU tandatangani perjanjian dapatkan vaksin cacar monyet,2022-06-14,02:14:00,/global/eropah/2022/06/851872/eu-tandatangani-perjanjian-dapatkan-vaksin-cacar-monyet
"Permudahkan proses vaksinasi jemaah haji, umrah",2022-06-13,07:01:00,/mutakhir/2022/06/851616/permudahkan-proses-vaksinasi-jemaah-haji-umrah
Pharmaniaga fokus lebarkan sayap ke pasaran antarabangsa,2022-06-13,02:13:00,/bisnes/2022/06/851527/pharmaniaga-fokus-lebarkan-sayap-ke-pasaran-antarabangsa
Jurulatih tipu sijil vaksin kembali bertugas,2022-06-10,20:06:00,/arena/bola-sepak/2022/06/850809/jurulatih-tipu-sijil-vaksin-kembali-bertugas
34.5 peratus kanak-kanak lengkap divaksin,2022-06-10,18:29:00,/mutakhir/2022/06/850783/345-peratus-kanak-kanak-lengkap-divaksin
Hanya 10.3 peratus kanak-kanak Terengganu ambil vaksin Covid-19 [METROTV],2022-05-31,22:10:00,/mutakhir/2022/06/847786/hanya-103-peratus-kanak-kanak-terengganu-ambil-vaksin-covid-19-metrotv
33 peratus kanak-kanak lengkap divaksin,2022-05-31,18:20:00,/mutakhir/2022/06/847710/33-peratus-kanak-kanak-lengkap-divaksin
Shanghai tarik balik 'lockdown' [METROTV],2022-05-31,15:30:00,/global/asia/2022/06/847666/shanghai-tarik-balik-lockdown-metrotv
"PICKids tamat, kerajaan tidak kawal harga vaksin",2022-05-31,05:32:00,/mutakhir/2022/05/847621/pickids-tamat-kerajaan-tidak-kawal-harga-vaksin
HFMD: Hanya 3 kes masuk ICU,2022-05-30,23:56:00,/mutakhir/2022/05/847493/hfmd-hanya-3-kes-masuk-icu
PICKids tamat hari ini,2022-05-30,23:22:00,/mutakhir/2022/05/847479/pickids-tamat-hari-ini
"Lebih 96,000 rakyat Korea Utara alami demam",2022-05-30,19:40:00,/global/asia/2022/05/847414/lebih-96000-rakyat-korea-utara-alami-demam
"1,171,888 kanak-kanak lengkap vaksinasi Covid-19",2022-05-30,18:23:00,/mutakhir/2022/05/847392/1171888-kanak-kanak-lengkap-vaksinasi-covid-19
Vaksin Covid-19: Mahkamah tolak permohonan 10 individu berhubung award semakan,2022-05-30,05:28:00,/mutakhir/2022/05/847288/vaksin-covid-19-mahkamah-tolak-permohonan-10-individu-berhubung-award
Mahkamah Tinggi tolak saman pemula cabar program PICK,2022-05-30,02:25:00,/mutakhir/2022/05/847220/mahkamah-tinggi-tolak-saman-pemula-cabar-program-pick
Hampir 33 peratus kanak-kanak lengkap vaksinasi Covid-19,2022-05-29,17:29:00,/mutakhir/2022/05/847023/hampir-33-peratus-kanak-kanak-lengkap-vaksinasi-covid-19
"1,161,503 kanak-kanak di Malaysia lengkap vaksinasi Covid-19 [METROTV]",2022-05-28,21:33:00,/mutakhir/2022/05/846785/1161503-kanak-kanak-di-malaysia-lengkap-vaksinasi-covid-19-metrotv
Perlindungan untuk anak,2022-05-28,15:45:00,/sihat/2022/05/846691/perlindungan-untuk-anak
32.5 peratus kanak-kanak lengkap vaksinasi Covid-19,2022-05-27,17:55:00,/mutakhir/2022/05/846419/325-peratus-kanak-kanak-lengkap-vaksinasi-covid-19
Larissa & kabut otak,2022-05-27,16:00:00,/utama/2022/05/846406/larissa-kabut-otak
"Korea Utara tambah stok pelitup muka, vaksin sebelum lapor kes Covid-19 secara rasmi",2022-05-27,02:27:00,/global/asia/2022/05/846277/korea-utara-tambah-stok-pelitup-muka-vaksin-sebelum-lapor-kes-covid-19
"1,142,104 kanak-kanak di Malaysia lengkap vaksin",2022-05-26,18:33:00,/mutakhir/2022/05/846091/1142104-kanak-kanak-di-malaysia-lengkap-vaksin
Kakitangan UM dibenarkan cabar program vaksinasi Covid-19 kerajaan,2022-05-26,07:11:00,/mutakhir/2022/05/846005/kakitangan-um-dibenarkan-cabar-program-vaksinasi-covid-19-kerajaan
Cacar monyet: 'Kita bersedia' - Khairy [METROTV],2022-05-26,04:13:00,/mutakhir/2022/05/845967/cacar-monyet-kita-bersedia-khairy-metrotv
Sepanyol sahkan 59 kes cacar monyet,2022-05-25,20:24:00,/global/eropah/2022/05/845767/sepanyol-sahkan-59-kes-cacar-monyet
Enam kanak-kanak di AS maut akibat hepatitis misteri,2022-05-20,18:36:00,/global/amerika-utara/2022/05/844144/enam-kanak-kanak-di-maut-akibat-hepatitis-misteri
30.6 peratus kanak-kanak lengkap vaksinasi Covid-19,2022-05-19,18:32:00,/mutakhir/2022/05/843783/306-peratus-kanak-kanak-lengkap-vaksinasi-covid-19
Vaksin baharu Covid-19?,2022-05-19,03:03:00,/mutakhir/2022/05/843628/vaksin-baharu-covid-19
"Ekonomi digital wujudkan lebih 500,000 peluang pekerjaan",2022-05-19,01:59:00,/bisnes/2022/05/843588/ekonomi-digital-wujudkan-lebih-500000-peluang-pekerjaan
30.4 peratus kanak-kanak di Malaysia lengkap vaksinasi Covid-19,2022-05-18,21:35:00,/mutakhir/2022/05/843485/304-peratus-kanak-kanak-di-malaysia-lengkap-vaksinasi-covid-19
Covid-19: Korea Utara pergiat penghasilan ubat,2022-05-18,18:39:00,/global/asia/2022/05/843421/covid-19-korea-utara-pergiat-penghasilan-ubat
"1,073,551 kanak-kanak lengkap vaksin Covid-19",2022-05-17,19:57:00,/mutakhir/2022/05/843082/1073551-kanak-kanak-lengkap-vaksin-covid-19
"232,880 penduduk Korea Utara alami demam",2022-05-17,18:34:00,/global/asia/2022/05/843066/232880-penduduk-korea-utara-alami-demam
30 peratus kanak-kanak lengkap vaksinasi Covid-19,2022-05-16,18:40:00,/mutakhir/2022/05/842640/30-peratus-kanak-kanak-lengkap-vaksinasi-covid-19
"Pharmaniaga bina kilang bernilai RM300 juta bagi hasilkan insulin, vaksin halal [METROTV]",2022-05-16,17:09:00,/bisnes/2022/05/842615/pharmaniaga-bina-kilang-bernilai-rm300-juta-bagi-hasilkan-insulin-vaksin-halal
Djokovic rangkul kejuaraan Terbuka Itali kali keenam,2022-05-15,21:14:00,/arena/lain/2022/05/842334/djokovic-rangkul-kejuaraan-terbuka-itali-kali-keenam
Korea Utara rekod lebih 8 kematian akibat 'demam' [METROTV],2022-05-15,19:17:00,/global/asia/2022/05/842300/korea-utara-rekod-lebih-8-kematian-akibat-demam-metrotv
Hampir 30 peratus kanak-kanak lengkap vaksinasi Covid-19,2022-05-15,18:15:00,/mutakhir/2022/05/842289/hampir-30-peratus-kanak-kanak-lengkap-vaksinasi-covid-19
Korea Utara rekod 21 kematian akibat 'demam',2022-05-14,00:57:00,/global/asia/2022/05/841818/korea-utara-rekod-21-kematian-akibat-demam
"Rita Rudaini ditawar berlakon, ramai pula yang 'panas'",2022-05-13,18:51:00,/rap/2022/05/841708/rita-rudaini-ditawar-berlakon-ramai-pula-yang-panas
Pastikan rangkaian bekalan global tersedia - Ismail Sabri,2022-05-13,17:08:00,/mutakhir/2022/05/841684/pastikan-rangkaian-bekalan-global-tersedia-ismail-sabri
Kes kematian pertama Covid-19 di Korea Utara,2022-05-12,19:23:00,/global/asia/2022/05/841371/kes-kematian-pertama-covid-19-di-korea-utara
28 peratus kanak-kanak lengkap vaksinasi Covid-19 [METROTV],2022-05-12,18:09:00,/mutakhir/2022/05/841347/28-peratus-kanak-kanak-lengkap-vaksinasi-covid-19-metrotv
173 pesakit Covid-19 ambil ubat Paxlovid sembuh sepenuhnya,2022-05-12,01:48:00,/mutakhir/2022/05/841161/173-pesakit-covid-19-ambil-ubat-paxlovid-sembuh-sepenuhnya
Pemberian vaksin Covid-19 kanak-kanak dilanjutkan,2022-05-11,23:51:00,/mutakhir/2022/05/841076/pemberian-vaksin-covid-19-kanak-kanak-dilanjutkan
Laporan polis terhadap Adun dakwa dos penggalak luput tarikh,2022-05-06,00:38:00,/mutakhir/2022/05/839083/laporan-polis-terhadap-adun-dakwa-dos-penggalak-luput-tarikh
Dua kes kematian akibat Covid-19 direkodkan semalam,2022-05-05,20:22:00,/mutakhir/2022/05/839022/dua-kes-kematian-akibat-covid-19-direkodkan-semalam
Haji: Penerbangan pertama 31 Mei,2022-05-05,03:38:00,/mutakhir/2022/05/838894/haji-penerbangan-pertama-31-mei
"873,409 kanak-kanak lengkap vaksin Covid-19",2022-05-05,00:09:00,/mutakhir/2022/05/838805/873409-kanak-kanak-lengkap-vaksin-covid-19
"Lebih 870,000 kanak-kanak di Malaysia lengkap vaksinasi Covid-19",2022-05-03,17:53:00,/mutakhir/2022/05/838479/lebih-870000-kanak-kanak-di-malaysia-lengkap-vaksinasi-covid-19
"Lebih 860,000 kanak-kanak lengkap vaksinasi Covid-19",2022-05-02,19:47:00,/mutakhir/2022/05/838321/lebih-860000-kanak-kanak-lengkap-vaksinasi-covid-19
"KKM jangka kes kategori 1, 2 meningkat selepas Aidilfitri",2022-05-01,22:44:00,/mutakhir/2022/05/838220/kkm-jangka-kes-kategori-1-2-meningkat-selepas-aidilfitri
"868,859 kanak-kanak lengkap vaksinasi Covid-19",2022-05-01,18:54:00,/mutakhir/2022/05/838159/868859-kanak-kanak-lengkap-vaksinasi-covid-19
"858,054 kanak-kanak lengkap vaksinasi Covid-19",2022-04-30,18:11:00,/mutakhir/2022/05/837842/858054-kanak-kanak-lengkap-vaksinasi-covid-19
"831,523 kanak-kanak lengkap vaksinasi Covid-19",2022-04-29,20:21:00,/mutakhir/2022/04/837595/831523-kanak-kanak-lengkap-vaksinasi-covid-19
"Kes baharu, kematian di Sarawak menurun dalam fasa peralihan ke endemik",2022-04-29,00:00:00,/mutakhir/2022/04/837361/kes-baharu-kematian-di-sarawak-menurun-dalam-fasa-peralihan-ke-endemik
'Kurang beban tugas guru lengkap vaksin' - NUTP,2022-04-28,22:13:00,/mutakhir/2022/04/837312/kurang-beban-tugas-guru-lengkap-vaksin-nutp
"Hanya 22,7 peratus kanak-kanak lengkap vaksinasi Covid-19",2022-04-28,18:54:00,/mutakhir/2022/04/837255/hanya-227-peratus-kanak-kanak-lengkap-vaksinasi-covid-19
KKM bakal perkenal vaksin kombinasi Tdap kepada ibu hamil,2022-04-28,03:31:00,/mutakhir/2022/04/837098/kkm-bakal-perkenal-vaksin-kombinasi-tdap-kepada-ibu-hamil
"3,471 kes baharu Covid-19 semalam",2022-04-27,21:03:00,/mutakhir/2022/04/836915/3471-kes-baharu-covid-19-semalam
"Hampir 800,000 kanak-kanak Malaysia lengkap vaksinasi Covid-19",2022-04-27,18:59:00,/mutakhir/2022/04/836856/hampir-800000-kanak-kanak-malaysia-lengkap-vaksinasi-covid-19
Berbaki dua minggu lagi untuk vaksinasi kanak-kanak,2022-04-27,04:06:00,/mutakhir/2022/04/836709/berbaki-dua-minggu-lagi-untuk-vaksinasi-kanak-kanak
Tanggungjawab pastikan Aidilfitri tidak berakhir dengan kemudaratan,2022-04-27,03:44:00,/mutakhir/2022/04/836701/tanggungjawab-pastikan-aidilfitri-tidak-berakhir-dengan-kemudaratan
Bukan beri vaksin Covid-19 luput,2022-04-26,23:54:00,/mutakhir/2022/04/836577/bukan-beri-vaksin-covid-19-luput
"3,361 kes baharu Covid-19 semalam",2022-04-26,20:41:00,/mutakhir/2022/04/836468/3361-kes-baharu-covid-19-semalam
"6,968 kes baharu Covid-19",2022-04-20,20:12:00,/mutakhir/2022/04/834323/6968-kes-baharu-covid-19
"Kes hepatitis dikesan pada kanak-kanak di Eropah, AS",2022-04-20,19:11:00,/global/eropah/2022/04/834293/kes-hepatitis-dikesan-pada-kanak-kanak-di-eropah
Lebih setengah juta kanak-kanak lengkap vaksinasi Covid-19,2022-04-20,18:28:00,/mutakhir/2022/04/834285/lebih-setengah-juta-kanak-kanak-lengkap-vaksinasi-covid-19
"6,069 kes baharu Covid-19",2022-04-19,19:41:00,/mutakhir/2022/04/833893/6069-kes-baharu-covid-19
Kemasukan hospital untuk kanak-kanak tidak divaksin meningkat,2022-04-19,19:30:00,/global/amerika-utara/2022/04/833889/kemasukan-hospital-untuk-kanak-kanak-tidak-divaksin-meningkat
"487,728 kanak-kanak lengkap vaksinasi Covid-19",2022-04-19,17:45:00,/mutakhir/2022/04/833859/487728-kanak-kanak-lengkap-vaksinasi-covid-19
7 lagi maut akibat Covid-19 di Shanghai,2022-04-18,23:51:00,/global/asia/2022/04/833660/7-lagi-maut-akibat-covid-19-di-shanghai
1.4 juta kanak-kanak terima satu dos vaksin Covid-19,2022-04-18,18:08:00,/mutakhir/2022/04/833530/14-juta-kanak-kanak-terima-satu-dos-vaksin-covid-19
Djokovic sertai Terbuka Perancis,2022-04-18,17:02:00,/arena/lain/2022/04/833520/djokovic-sertai-terbuka-perancis
Paxlovid hanya 'senjata' tambahan,2022-04-17,22:27:00,/mutakhir/2022/04/833287/paxlovid-hanya-senjata-tambahan
Operasi gerai mi viral dihentikan,2022-04-17,19:29:00,/mutakhir/2022/04/833219/operasi-gerai-mi-viral-dihentikan
"412,026 kanak-kanak lengkap vaksinasi Covid-19 [METROTV]",2022-04-17,18:45:00,/mutakhir/2022/04/833209/412026-kanak-kanak-lengkap-vaksinasi-covid-19-metrotv
MPSepang laksana pemeriksaan berkala terhadap bazar Ramadan,2022-04-17,01:06:00,/mutakhir/2022/04/833024/mpsepang-laksana-pemeriksaan-berkala-terhadap-bazar-ramadan
Murid teruja kembali ke sekolah tanpa penggiliran,2022-04-16,22:04:00,/mutakhir/2022/04/832961/murid-teruja-kembali-ke-sekolah-tanpa-penggiliran
Lebih 1.4 juta kanak-kanak bawah 11 tahun sudah divaksin,2022-04-16,21:54:00,/mutakhir/2022/04/832953/lebih-14-juta-kanak-kanak-bawah-11-tahun-sudah-divaksin
"9,705 kes baharu Covid-19",2022-04-16,19:59:00,/utama/2022/04/832915/9705-kes-baharu-covid-19
Vaksinasi lengkap masih berkuat kuasa walaupun masuk fasa endemik [METROTV],2022-04-16,02:48:00,/mutakhir/2022/04/832736/vaksinasi-lengkap-masih-berkuat-kuasa-walaupun-masuk-fasa-endemik-metrotv
Vaksin bagi varian Omicron diluluskan untuk ujian klinikal,2022-04-16,02:32:00,/global/asia/2022/04/832732/vaksin-bagi-varian-omicron-diluluskan-untuk-ujian-klinikal
Warga emas digalak ambil dos penggalak keempat,2022-04-16,01:31:00,/mutakhir/2022/04/832707/warga-emas-digalak-ambil-dos-penggalak-keempat
"9,673 positif Covid-19 semalam",2022-04-15,22:14:00,/mutakhir/2022/04/832631/9673-positif-covid-19-semalam
Arab Saudi peruntuk 85 peratus kuota jemaah luar negara,2022-04-12,03:40:00,/global/asia/2022/04/831326/arab-saudi-peruntuk-85-peratus-kuota-jemaah-luar-negara
Scammer menyamar sebagai  'pegawai KKM',2022-04-12,01:53:00,/mutakhir/2022/04/831271/scammer-menyamar-sebagai-pegawai-kkm
GLC digesa jadi integrator ayam negara,2022-04-11,23:34:00,/mutakhir/2022/04/831197/glc-digesa-jadi-integrator-ayam-negara
Kes harian Covid-19 terus catat penurunan,2022-04-11,20:05:00,/utama/2022/04/831133/kes-harian-covid-19-terus-catat-penurunan
Ahli politik Thailand didakwa menghina institusi diraja,2022-04-11,19:42:00,/global/asia/2022/04/831123/ahli-politik-thailand-didakwa-menghina-institusi-diraja
"160,000 kanak-kanak lengkap vaksinasi Covid-19",2022-04-11,17:43:00,/mutakhir/2022/04/831098/160000-kanak-kanak-lengkap-vaksinasi-covid-19
"Malaysia terima 48,000 ubat antiviral Covid-19",2022-04-11,02:36:00,/mutakhir/2022/04/830918/malaysia-terima-48000-ubat-antiviral-covid-19
"8,112 kes baharu Covid-19 semalam",2022-04-10,20:24:00,/utama/2022/04/830732/8112-kes-baharu-covid-19-semalam
"Lebih 132,000 kanak-kanak lengkap vaksinasi",2022-04-10,18:55:00,/mutakhir/2022/04/830718/lebih-132000-kanak-kanak-lengkap-vaksinasi
Tindak balas ubat pelali,2022-04-10,17:01:00,/utama/2022/04/830695/tindak-balas-ubat-pelali
Tiada kaitan vaksin,2022-04-09,21:30:00,/utama/2022/04/830435/tiada-kaitan-vaksin
"10,177 kes baharu Covid-19 semalam",2022-04-09,21:26:00,/utama/2022/04/830432/10177-kes-baharu-covid-19-semalam
Hampir 16 juta individu dewasa terima vaksin dos penggalak,2022-04-09,21:05:00,/mutakhir/2022/04/830426/hampir-16-juta-individu-dewasa-terima-vaksin-dos-penggalak
Divaksin selepas solat tarawih,2022-04-09,20:25:00,/global/asia/2022/04/830412/divaksin-selepas-solat-tarawih
Satu kematian disahkan rabies di Selangor,2022-04-09,19:48:00,/mutakhir/2022/04/830387/satu-kematian-disahkan-rabies-di-selangor
'Jangan main-main soal halal haram',2022-04-08,22:39:00,/mutakhir/2022/04/830122/jangan-main-main-soal-halal-haram
Ibadah haji: Kepastian kerajaan Arab Saudi cukup bermakna,2022-04-08,21:46:00,/mutakhir/2022/04/830110/ibadah-haji-kepastian-kerajaan-arab-saudi-cukup-bermakna
Teknologi dan produk nano bakal lonjak ekonomi negara,2022-04-08,21:02:00,/mutakhir/2022/04/830093/teknologi-dan-produk-nano-bakal-lonjak-ekonomi-negara
Hanya sejuta umat Islam di bawah 65 tahun dibenar tunai haji tahun ini,2022-04-08,20:27:00,/utama/2022/04/830080/hanya-sejuta-umat-islam-di-bawah-65-tahun-dibenar-tunai-haji-tahun-ini
"14,944 kes baharu Covid-19 semalam [METROTV]",2022-04-08,20:11:00,/utama/2022/04/830069/14944-kes-baharu-covid-19-semalam-metrotv
"Lebih 22,000 kanak-kanak lengkap vaksinasi Covid-19",2022-04-04,18:18:00,/mutakhir/2022/04/828593/lebih-22000-kanak-kanak-lengkap-vaksinasi-covid-19
Thailand sahkan kes pertama Omicron XE,2022-04-04,03:08:00,/global/asia/2022/04/828487/thailand-sahkan-kes-pertama-omicron-xe
Kanak-kanak lengkap vaksin meningkat 2 kali ganda,2022-04-03,20:11:00,/mutakhir/2022/04/828305/kanak-kanak-lengkap-vaksin-meningkat-2-kali-ganda
"12,380 kes baharu Covid-19",2022-04-03,19:45:00,/utama/2022/04/828297/12380-kes-baharu-covid-19
WHO gantung bekalan Covaxin,2022-04-03,02:07:00,/global/eropah/2022/04/828146/who-gantung-bekalan-covaxin
"52,449 kanak-kanak terima suntikan vaksin di Pahang",2022-04-02,21:38:00,/mutakhir/2022/04/828047/52449-kanak-kanak-terima-suntikan-vaksin-di-pahang
Lebih enam ribu kanak-kanak terima dos lengkap vaksin,2022-04-02,20:58:00,/mutakhir/2022/04/828032/lebih-enam-ribu-kanak-kanak-terima-dos-lengkap-vaksin
"14,692 kes baharu Covid-19",2022-04-02,19:40:00,/utama/2022/04/828003/14692-kes-baharu-covid-19
Selamat menyambut Ramadan - Agong/Permaisuri,2022-04-02,03:05:00,/mutakhir/2022/04/827849/selamat-menyambut-ramadan-agongpermaisuri
67.3 peratus populasi dewasa negara terima dos penggalak,2022-04-01,19:07:00,/mutakhir/2022/04/827690/673-peratus-populasi-dewasa-negara-terima-dos-penggalak
Maik akan terus sebar manfaat vaksin Covid-19,2022-04-01,02:01:00,/mutakhir/2022/04/827487/maik-akan-terus-sebar-manfaat-vaksin-covid-19
"Manfaat kebebasan dengan makmurkan masjid, surau",2022-03-31,21:35:00,/mutakhir/2022/04/827353/manfaat-kebebasan-dengan-makmurkan-masjid-surau
HPV pembunuh senyap,2022-03-31,16:01:00,/WM/2022/04/827259/hpv-pembunuh-senyap
Biden terima dos penggalak kedua,2022-03-31,04:15:00,/global/amerika-utara/2022/03/827135/biden-terima-dos-penggalak-kedua
236 Pati warga Indonesia dihantar pulang dengan feri [METROTV],2022-03-31,00:57:00,/mutakhir/2022/03/827035/236-pati-warga-indonesia-dihantar-pulang-dengan-feri-metrotv
Adakah kita sudah bersedia untuk peralihan fasa endemik?,2022-03-30,23:18:00,/mutakhir/2022/03/826968/adakah-kita-sudah-bersedia-untuk-peralihan-fasa-endemik
Terminal Pengangkutan Awam Larkin Sentral dijangka 'sesak' esok,2022-03-30,22:34:00,/mutakhir/2022/03/826943/terminal-pengangkutan-awam-larkin-sentral-dijangka-sesak-esok
JAIPs tidak bercadang gantung tugas guru Kafa belum vaksin,2022-03-30,22:17:00,/mutakhir/2022/03/826933/jaips-tidak-bercadang-gantung-tugas-guru-kafa-belum-vaksin
"15,941 kes baharu Covid-19",2022-03-30,20:41:00,/utama/2022/03/826902/15941-kes-baharu-covid-19
'Jangan biarkan kawalan kita lemah' - KJ,2022-03-30,20:07:00,/mutakhir/2022/03/826887/jangan-biarkan-kawalan-kita-lemah-kj
"Johor benar rapat sejadah tanpa sentuhan, solat tarawih",2022-03-27,23:10:00,/mutakhir/2022/03/825859/johor-benar-rapat-sejadah-tanpa-sentuhan-solat-tarawih
Calon vaksin Covid-19 negara belum boleh dikomersialkan [METROTV],2022-03-27,22:12:00,/mutakhir/2022/03/825831/calon-vaksin-covid-19-negara-belum-boleh-dikomersialkan-metrotv
57 guru KAFA enggan divaksin digantung tugas dua bulan,2022-03-27,21:32:00,/mutakhir/2022/03/825815/57-guru-kafa-enggan-divaksin-digantung-tugas-dua-bulan
"Penularan menurun, 16,863 kes Covid-19 semalam",2022-03-27,19:54:00,/utama/2022/03/825778/penularan-menurun-16863-kes-covid-19-semalam
Lebih 1.3 juta populasi kanak-kanak terima vaksin Covid-19,2022-03-27,18:43:00,/mutakhir/2022/03/825760/lebih-13-juta-populasi-kanak-kanak-terima-vaksin-covid-19
"Jangan perjudikan nyawa, nasihat MMA kepada individu belum divaksin",2022-03-27,01:13:00,/mutakhir/2022/03/825580/jangan-perjudikan-nyawa-nasihat-mma-kepada-individu-belum-divaksin
Solat jemaah Selangor dirapatkan saf mulai 1 April,2022-03-26,20:39:00,/mutakhir/2022/03/825454/solat-jemaah-selangor-dirapatkan-saf-mulai-1-april
Selangor benarkan solat berjemaah rapat saf mulai 1 April,2022-03-26,20:35:00,/mutakhir/2022/03/825450/selangor-benarkan-solat-berjemaah-rapat-saf-mulai-1-april
"20,923 kes baharu Covid-19",2022-03-26,20:29:00,/utama/2022/03/825448/20923-kes-baharu-covid-19
Habis stok sebab belian panik penduduk,2022-03-26,04:46:00,/mutakhir/2022/03/825326/habis-stok-sebab-belian-panik-penduduk
Pembangkang tak langgar MoU: KJ,2022-03-26,00:04:00,/mutakhir/2022/03/825226/pembangkang-tak-langgar-mou-kj
"Satu daripada lima orang di Korea Selatan, dijangkiti Covid-19",2022-03-25,20:52:00,/global/asia/2022/03/825149/satu-daripada-lima-orang-di-korea-selatan-dijangkiti-covid-19
"21,839 kes baharu Covid-19 direkodkan semalam",2022-03-25,20:08:00,/utama/2022/03/825124/21839-kes-baharu-covid-19-direkodkan-semalam
36 peratus kanak-kanak terima vaksin Covid-19,2022-03-25,17:52:00,/mutakhir/2022/03/825091/36-peratus-kanak-kanak-terima-vaksin-covid-19
96% kes pulih di rumah,2022-03-25,17:46:00,/mutakhir/2022/03/825089/96-kes-pulih-di-rumah
Usah dikuarantin pagi raya,2022-03-25,16:00:00,/rencana/2022/03/825077/usah-dikuarantin-pagi-raya
Kumpulan enggan ambil dos penggalak akan dipujuk [METROTV],2022-03-25,05:45:00,/mutakhir/2022/03/825015/kumpulan-enggan-ambil-dos-penggalak-akan-dipujuk-metrotv
ProtectHealth bantu warga emas dapatkan dos penggalak di rumah,2022-03-25,03:54:00,/mutakhir/2022/03/824972/protecthealth-bantu-warga-emas-dapatkan-dos-penggalak-di-rumah
Australia mulakan pemberian dos keempat Covid-19,2022-03-25,00:59:00,/global/asia/2022/03/824887/australia-mulakan-pemberian-dos-keempat-covid-19
"24,316 kes baharu Covid-19",2022-03-24,19:57:00,/utama/2022/03/824757/24316-kes-baharu-covid-19
Vietnam iktiraf pasport vaksin 17 negara,2022-03-21,22:56:00,/global/asia/2022/03/823742/vietnam-iktiraf-pasport-vaksin-17-negara
Malaysia iktiraf sijil vaksinasi Vietnam - PM,2022-03-21,21:42:00,/mutakhir/2022/03/823705/malaysia-iktiraf-sijil-vaksinasi-vietnam-pm
"17,828 kes baharu Covid-19",2022-03-21,20:21:00,/utama/2022/03/823670/17828-kes-baharu-covid-19
Lebih 15 juta dewasa terima dos penggalak,2022-03-21,17:52:00,/mutakhir/2022/03/823644/lebih-15-juta-dewasa-terima-dos-penggalak
KKM lulus CanSino sebagai dos penggalak heterologus,2022-03-21,07:44:00,/mutakhir/2022/03/823572/kkm-lulus-cansino-sebagai-dos-penggalak-heterologus
Hanya 10 peratus kanak-kanak di Kelantan ambil vaksin,2022-03-20,23:27:00,/mutakhir/2022/03/823372/hanya-10-peratus-kanak-kanak-di-kelantan-ambil-vaksin
Lebih 1.2 juta kanak-kanak Malaysia terima vaksin Covid-19,2022-03-20,20:32:00,/mutakhir/2022/03/823284/lebih-12-juta-kanak-kanak-malaysia-terima-vaksin-covid-19
Omicron varian utama tular di Malaysia,2022-03-20,20:14:00,/mutakhir/2022/03/823278/omicron-varian-utama-tular-di-malaysia
"19,105 kes baharu Covid-19",2022-03-20,19:42:00,/utama/2022/03/823268/19105-kes-baharu-covid-19
Kembali ke sekolah,2022-03-20,16:00:00,/akademia/2022/03/823220/kembali-ke-sekolah
Dos penggalak boleh diambil selepas pulih Covid-19,2022-03-20,05:53:00,/mutakhir/2022/03/823151/dos-penggalak-boleh-diambil-selepas-pulih-covid-19
Hanya 153 kes baharu Covid-19 Kategori 3 hingga 5,2022-03-20,02:51:00,/mutakhir/2022/03/823096/hanya-153-kes-baharu-covid-19-kategori-3-hingga-5
KBS akan pastikan semua peserta LTdL di vaksin [METROTV],2022-03-20,00:06:00,/arena/lain/2022/03/823029/kbs-akan-pastikan-semua-peserta-ltdl-di-vaksin-metrotv
"Kurang ambil dos penggalak, kes Covid-19 di Kelantan mungkin meningkat [METROTV]",2022-03-19,22:19:00,/mutakhir/2022/03/822966/kurang-ambil-dos-penggalak-kes-covid-19-di-kelantan-mungkin-meningkat
OIC perlu giat beri bantuan kepada Afghanistan,2022-03-19,21:30:00,/mutakhir/2022/03/822947/oic-perlu-giat-beri-bantuan-kepada-afghanistan
UK mula suntik vaksin dos ke-4 Covid-19 minggu ini,2022-03-19,20:43:00,/global/eropah/2022/03/822916/uk-mula-suntik-vaksin-dos-ke-4-covid-19-minggu-ini
"22,341 kes baharu Covid-19",2022-03-19,20:17:00,/utama/2022/03/822908/22341-kes-baharu-covid-19
Lebih 34 peratus kanak-kanak Malaysia terima vaksin Covid-19,2022-03-19,18:58:00,/mutakhir/2022/03/822888/lebih-34-peratus-kanak-kanak-malaysia-terima-vaksin-covid-19
Penyakit polio muncul kembali,2022-03-19,16:30:00,/global/afrika/2022/03/822865/penyakit-polio-muncul-kembali
"Kanak-kanak tidak divaksin terdedah risiko MIS-C, anafilaksis",2022-03-19,02:01:00,/mutakhir/2022/03/822690/kanak-kanak-tidak-divaksin-terdedah-risiko-mis-c-anafilaksis
"Korea Selatan rekod 621,328 kes baharu  Covid-19",2022-03-17,00:36:00,/global/asia/2022/03/821972/korea-selatan-rekod-621328-kes-baharu-covid-19
"28,298 kes Covid-19 semalam",2022-03-16,21:30:00,/utama/2022/03/821873/28298-kes-covid-19-semalam
Lebih 34 peratus kanak-kanak terima dos pertama [METROTV],2022-03-16,18:45:00,/mutakhir/2022/03/821820/lebih-34-peratus-kanak-kanak-terima-dos-pertama-metrotv
Kes BID di Kedah membimbangkan,2022-03-16,18:14:00,/mutakhir/2022/03/821816/kes-bid-di-kedah-membimbangkan
Gembira dapat pulang selepas hampir tiga tahun [METROTV],2022-03-16,05:26:00,/mutakhir/2022/03/821703/gembira-dapat-pulang-selepas-hampir-tiga-tahun-metrotv
1MDB: PDRM ke Singapura hujung bulan ini,2022-03-16,02:39:00,/mutakhir/2022/03/821651/1mdb-pdrm-ke-singapura-hujung-bulan-ini
"Jerman, Korea Selatan terus catat angka tertinggi Covid-19",2022-03-16,02:23:00,/global/eropah/2022/03/821643/jerman-korea-selatan-terus-catat-angka-tertinggi-covid-19
"Covid-19: 25,122 bekas pesakit terima rawatan Long Covid",2022-03-15,23:50:00,/mutakhir/2022/03/821560/covid-19-25122-bekas-pesakit-terima-rawatan-long-covid
"Covid-19: Kes kembali meningkat, 26,534 jangkitan baharu",2022-03-15,20:29:00,/utama/2022/03/821466/covid-19-kes-kembali-meningkat-26534-jangkitan-baharu
65.3 peratus sudah terima dos penggalak,2022-03-15,19:31:00,/mutakhir/2022/03/821449/653-peratus-sudah-terima-dos-penggalak
Tak perlu hadkan penonton,2022-03-15,03:40:00,/rap/2022/03/821279/tak-perlu-hadkan-penonton
Empat penerbangan menerusi VTL Pulau Pinang- Singapura setiap hari [METROTV],2022-03-14,23:21:00,/mutakhir/2022/03/821127/empat-penerbangan-menerusi-vtl-pulau-pinang-singapura-setiap-hari-metrotv
Lebih 33 peratus kanak-kanak Malaysia terima dos pertama vaksin Covid-19 [METROTV],2022-03-14,20:01:00,/mutakhir/2022/03/821062/lebih-33-peratus-kanak-kanak-malaysia-terima-dos-pertama-vaksin-covid-19
"22,030 kes baharu Covid-19 semalam, turun sedikit berbanding kelmarin",2022-03-14,19:46:00,/utama/2022/03/821059/22030-kes-baharu-covid-19-semalam-turun-sedikit-berbanding-kelmarin
Sabah mansuh pengisian borang isytihar kesihatan,2022-03-14,17:52:00,/mutakhir/2022/03/821034/sabah-mansuh-pengisian-borang-isytihar-kesihatan
Malaysia komited perkukuh hubungan dua hala dengan Mesir,2022-03-14,08:46:00,/mutakhir/2022/03/820958/malaysia-komited-perkukuh-hubungan-dua-hala-dengan-mesir
'Budak Kangkung' positif Covid-19,2022-03-13,23:09:00,/mutakhir/2022/03/820777/budak-kangkung-positif-covid-19
"Jangkitan, kematian mangsa Covid-19 dijangka meningkat di Australia",2022-03-13,23:01:00,/global/asia/2022/03/820775/jangkitan-kematian-mangsa-covid-19-dijangka-meningkat-di-australia
Jelajah Jom Ronda santuni warga Lembah Klang [METROTV],2022-03-13,22:28:00,/mutakhir/2022/03/820762/jelajah-jom-ronda-santuni-warga-lembah-klang-metrotv
"Sebanyak 22,535 kes baharu Covid-19 dicatatkan semalam",2022-03-13,19:50:00,/utama/2022/03/820718/sebanyak-22535-kes-baharu-covid-19-dicatatkan-semalam
Guardiola simpati nasib Tuchel,2022-03-10,21:02:00,/arena/bola-sepak/2022/03/819706/guardiola-simpati-nasib-tuchel
"30,787 kes baharu Covid-19",2022-03-10,18:35:00,/utama/2022/03/819640/30787-kes-baharu-covid-19
91.1 peratus populasi remaja lengkap vaksinasi,2022-03-10,17:09:00,/mutakhir/2022/03/819625/911-peratus-populasi-remaja-lengkap-vaksinasi
KKM rampas produk habatus sauda tidak berdaftar,2022-03-10,14:50:00,/mutakhir/2022/03/819594/kkm-rampas-produk-habatus-sauda-tidak-berdaftar
"1,021 undi pengundi di Singapura selamat tiba di Johor Bahru [METROTV]",2022-03-10,00:05:00,/mutakhir/2022/03/819401/1021-undi-pengundi-di-singapura-selamat-tiba-di-johor-bahru-metrotv
"Teman isteri bersalin di hospital tertakluk syarat, situasi Covid-19",2022-03-09,21:51:00,/mutakhir/2022/03/819339/teman-isteri-bersalin-di-hospital-tertakluk-syarat-situasi-covid-19
Djokovic sah tidak beraksi di Indian Wells,2022-03-09,20:54:00,/arena/lain/2022/03/819301/djokovic-sah-tidak-beraksi-di-indian-wells
"30,246 kes baharu Covid-19",2022-03-09,19:15:00,/utama/2022/03/819261/30246-kes-baharu-covid-19
Lebih 30 peratus kanak-kanak terima vaksin Covid-19,2022-03-09,16:29:00,/mutakhir/2022/03/819221/lebih-30-peratus-kanak-kanak-terima-vaksin-covid-19
"PPIM sambut baik keputusan rapatkan saf solat jemaah di masjid, surau",2022-03-09,04:20:00,/mutakhir/2022/03/819129/ppim-sambut-baik-keputusan-rapatkan-saf-solat-jemaah-di-masjid-surau
Agihan vaksin tidak sama rata - PBB,2022-03-09,02:28:00,/global/amerika-utara/2022/03/819088/agihan-vaksin-tidak-sama-rata-pbb
MAHB sedia terima kemasukan penumpang antarabangsa,2022-03-09,02:16:00,/bisnes/2022/03/819082/mahb-sedia-terima-kemasukan-penumpang-antarabangsa
Komitmen KWSP bukti ketersediaan peluang pelaburan,2022-03-09,02:07:00,/bisnes/2022/03/819077/komitmen-kwsp-bukti-ketersediaan-peluang-pelaburan
Status Djokovic beraksi di Indian Wells masih samar,2022-03-08,22:36:00,/arena/lain/2022/03/818964/status-djokovic-beraksi-di-indian-wells-masih-samar
"22,816 kanak-kanak di Kelantan sudah divaksin",2022-03-08,20:35:00,/mutakhir/2022/03/818893/22816-kanak-kanak-di-kelantan-sudah-divaksin
"31,490 kes baharu Covid-19 semalam",2022-03-08,18:42:00,/utama/2022/03/818854/31490-kes-baharu-covid-19-semalam
64.2 peratus dewasa terima dos penggalak,2022-03-08,16:56:00,/mutakhir/2022/03/818836/642-peratus-dewasa-terima-dos-penggalak
"Lebih dua tahun perangi Covid-19,  1 April permulaan baharu untuk Malaysia",2022-03-08,07:54:00,/mutakhir/2022/03/818771/lebih-dua-tahun-perangi-covid-19-1-april-permulaan-baharu-untuk-malaysia
Sempadan negara dibuka 1 April [METROTV],2022-03-08,02:51:00,/utama/2022/03/818690/sempadan-negara-dibuka-1-april-metrotv
Moderna rancang bangunkan vaksin bagi 15 patogen paling membimbangkan,2022-03-08,02:21:00,/global/amerika-utara/2022/03/818670/moderna-rancang-bangunkan-vaksin-bagi-15-patogen-paling
Lebih sejuta kanak-kanak terima vaksin Covid-19 [METROTV],2022-03-05,17:07:00,/mutakhir/2022/03/817592/lebih-sejuta-kanak-kanak-terima-vaksin-covid-19-metrotv
Sempadan negara akan dibuka semula tidak lama lagi - PM,2022-03-05,04:05:00,/mutakhir/2022/03/817487/sempadan-negara-akan-dibuka-semula-tidak-lama-lagi-pm
Kes Covid-19 di Thailand lepasi tiga juta,2022-03-05,03:30:00,/global/asia/2022/03/817481/kes-covid-19-di-thailand-lepasi-tiga-juta
'Baru tahu betapa sakitnya dijangkiti Covid-19',2022-03-05,03:21:00,/rap/2022/03/817479/baru-tahu-betapa-sakitnya-dijangkiti-covid-19
Tiada arahan peniaga bazar wajib dos penggalak [METROTV],2022-03-05,00:45:00,/mutakhir/2022/03/817419/tiada-arahan-peniaga-bazar-wajib-dos-penggalak-metrotv
Cameron Highlands tertinggi sertai PICKids di Pahang,2022-03-05,00:33:00,/mutakhir/2022/03/817415/cameron-highlands-tertinggi-sertai-pickids-di-pahang
Strategi Sarawak galakkan vaksinasi kanak-kanak,2022-03-04,22:08:00,/mutakhir/2022/03/817338/strategi-sarawak-galakkan-vaksinasi-kanak-kanak
Bala menanti 'kaki pancing' dan snuker,2022-03-04,21:26:00,/mutakhir/2022/03/817323/bala-menanti-kaki-pancing-dan-snuker
90 peratus kematian di Kedah tidak tahu dijangkiti Covid-19,2022-03-04,21:22:00,/mutakhir/2022/03/817313/90-peratus-kematian-di-kedah-tidak-tahu-dijangkiti-covid-19
VTL: Laluan baharu Malaysia-Thailand-Kemboja mula 15 Mac,2022-03-04,20:48:00,/mutakhir/2022/03/817291/vtl-laluan-baharu-malaysia-thailand-kemboja-mula-15-mac
"33,209 kes baharu Covid-19",2022-03-04,18:45:00,/utama/2022/03/817241/33209-kes-baharu-covid-19
"Lebih 970,000 populasi kanak-kanak terima vaksin [METROTV]",2022-03-04,17:51:00,/mutakhir/2022/03/817225/lebih-970000-populasi-kanak-kanak-terima-vaksin-metrotv
"18,161 Orang Asli dewasa dijangkiti Covid-19",2022-03-04,04:43:00,/mutakhir/2022/03/817113/18161-orang-asli-dewasa-dijangkiti-covid-19
"VTL udara ke Kemboja, Thailand dijangka pertengahan Mac",2022-03-04,03:57:00,/mutakhir/2022/03/817090/vtl-udara-ke-kemboja-thailand-dijangka-pertengahan-mac
"Syarat dos penggalak untuk penerima Sinovac, warga emas sahaja - MFL",2022-03-04,02:59:00,/arena/bola-sepak/2022/03/817072/syarat-dos-penggalak-untuk-penerima-sinovac-warga-emas-sahaja-mfl
Ibu bapa remaja diberi penerangan perkembangan siasatan punca kematian,2022-03-04,02:18:00,/mutakhir/2022/03/817053/ibu-bapa-remaja-diberi-penerangan-perkembangan-siasatan-punca-kematian
Punca kematian remaja masih disiasat,2022-03-04,00:55:00,/mutakhir/2022/03/817019/punca-kematian-remaja-masih-disiasat
157 laporan enggan terima vaksin,2022-03-04,00:51:00,/mutakhir/2022/03/817017/157-laporan-enggan-terima-vaksin
Dijangkiti Covid-19 ketika kempen PRN Johor,2022-03-04,00:38:00,/mutakhir/2022/03/817011/dijangkiti-covid-19-ketika-kempen-prn-johor
"Jangan keliru gejala Covid-19, denggi",2022-05-22,21:00:00,/mutakhir/2022/05/844744/jangan-keliru-gejala-covid-19-denggi
Lebih 2.9 juta remaja lengkap divaksin,2022-05-22,18:42:00,/mutakhir/2022/05/844713/lebih-29-juta-remaja-lengkap-divaksin
Lebih 1.1 juta kanak-kanak di Malaysia lengkap vaksinasi Covid-19,2022-05-21,20:04:00,/mutakhir/2022/05/844466/lebih-11-juta-kanak-kanak-di-malaysia-lengkap-vaksinasi-covid-19
WHO sahkan 93 kes cacar monyet,2022-05-21,18:55:00,/global/eropah/2022/05/844446/who-sahkan-93-kes-cacar-monyet
Mais tetap pendirian tamat kontrak guru Kafa tolak vaksin,2022-05-21,06:13:00,/mutakhir/2022/05/844355/mais-tetap-pendirian-tamat-kontrak-guru-kafa-tolak-vaksin
KKM tidak cadang lanjut vaksinasi PICKids,2022-05-20,22:11:00,/mutakhir/2022/05/844217/kkm-tidak-cadang-lanjut-vaksinasi-pickids
Bakal jemaah haji remaja disaran ambil dos penggalak,2022-05-20,21:57:00,/mutakhir/2022/05/844208/bakal-jemaah-haji-remaja-disaran-ambil-dos-penggalak
Sebarang rawatan baru Covid-19 dikaji terlebih dulu [METROTV],2022-05-20,21:24:00,/mutakhir/2022/05/844195/sebarang-rawatan-baru-covid-19-dikaji-terlebih-dulu-metrotv
"Lebih 200,000 penduduk Korea Utara demam",2022-05-20,20:11:00,/global/asia/2022/05/844181/lebih-200000-penduduk-korea-utara-demam
"1,099,250 kanak-kanak lengkap vaksinasi Covid-19",2022-05-20,18:50:00,/mutakhir/2022/05/844146/1099250-kanak-kanak-lengkap-vaksinasi-covid-19
Enam kanak-kanak di AS maut akibat hepatitis misteri,2022-05-20,18:36:00,/global/amerika-utara/2022/05/844144/enam-kanak-kanak-di-maut-akibat-hepatitis-misteri
30.6 peratus kanak-kanak lengkap vaksinasi Covid-19,2022-05-19,18:32:00,/mutakhir/2022/05/843783/306-peratus-kanak-kanak-lengkap-vaksinasi-covid-19
Vaksin baharu Covid-19?,2022-05-19,03:03:00,/mutakhir/2022/05/843628/vaksin-baharu-covid-19
"Ekonomi digital wujudkan lebih 500,000 peluang pekerjaan",2022-05-19,01:59:00,/bisnes/2022/05/843588/ekonomi-digital-wujudkan-lebih-500000-peluang-pekerjaan
30.4 peratus kanak-kanak di Malaysia lengkap vaksinasi Covid-19,2022-05-18,21:35:00,/mutakhir/2022/05/843485/304-peratus-kanak-kanak-di-malaysia-lengkap-vaksinasi-covid-19
Covid-19: Korea Utara pergiat penghasilan ubat,2022-05-18,18:39:00,/global/asia/2022/05/843421/covid-19-korea-utara-pergiat-penghasilan-ubat
"1,073,551 kanak-kanak lengkap vaksin Covid-19",2022-05-17,19:57:00,/mutakhir/2022/05/843082/1073551-kanak-kanak-lengkap-vaksin-covid-19
"232,880 penduduk Korea Utara alami demam",2022-05-17,18:34:00,/global/asia/2022/05/843066/232880-penduduk-korea-utara-alami-demam
30 peratus kanak-kanak lengkap vaksinasi Covid-19,2022-05-16,18:40:00,/mutakhir/2022/05/842640/30-peratus-kanak-kanak-lengkap-vaksinasi-covid-19
