Article_Title,Date,Link,Author Name
Warga Emas 60 Tahun & Ke Atas Digesa Ambil Suntikan Vaksin Influenza,2022-09-08,https://www.therakyatpost.com/trpbm/berita/2022/09/08/warga-emas-60-tahun-ke-atas-digesa-ambil-suntikan-vaksin-influenza/,Siti Murni
Lelaki Ini Kongsi Prosedur Melancong Ke Thailand Dengan Mudah. Yang Penting Dah Vaksin!,2022-05-17,https://www.therakyatpost.com/trpbm/jalan-jalan/2022/05/17/lelaki-ini-kongsi-prosedur-melancong-ke-thailand-dengan-mudah-yang-penting-dah-vaksin/,Farahin Fadzil
15 Mei Sebagai Tarikh Akhir Pemberian Dos Vaksin Pertama Kepada Kanak-kanak,2022-04-14,https://www.therakyatpost.com/trpbm/berita/2022/04/14/15-mei-sebagai-tarikh-akhir-pemberian-dos-vaksin-pertama-kepada-kanak-kanak/,Farahin Fadzil
Kesatuan Eropah Iktiraf Sijil Vaksinasi Digital Melalui Aplikasi MySejahtera,2022-04-05,https://www.therakyatpost.com/trpbm/berita/2022/04/05/kesatuan-eropah-iktiraf-sijil-vaksinasi-digital-melalui-aplikasi-mysejahtera/,Farahin Fadzil
"Status Vaksin Sinovac Cuma Bertukar Tidak Lengkap, Bukan Dipadam – KKM",2022-03-29,https://www.therakyatpost.com/trpbm/viral/2022/03/29/status-vaksin-sinovac-cuma-bertukar-tidak-lengkap-bukan-dipadam-kkm/,Farahin Fadzil
2 Rakyat Malaysia Dihalau Masuk Jerman Gara-gara Terima Vaksin Sinovac,2022-03-23,https://www.therakyatpost.com/trpbm/viral/2022/03/23/2-rakyat-malaysia-dihalau-masuk-jerman-gara-gara-terima-vaksin-sinovac/,Farahin Fadzil
[Video] Wanita ‘Dakwa’ Ada HIV Dalam Vaksin Covid-19 Terima Kecaman Netizen,2022-02-28,https://www.therakyatpost.com/trpbm/viral/2022/02/28/video-wanita-dakwa-ada-hiv-dalam-vaksin-covid-19-terima-kecaman-netizen/,Siti Murni
Jururawat Tepis Tuduhan Suntik Vaksin ‘Kosong’ Pada Anak Bongsu KJ,2022-02-16,https://www.therakyatpost.com/trpbm/viral/2022/02/16/jururawat-tepis-tuduhan-suntik-vaksin-kosong-pada-anak-bongsu-kj/,Farahin Fadzil
Warga Emas & Penerima Sinovac Dewasa Bertukar Status “Tidak Lengkap Vaksinasi” Jika Tak Ambil Dos Penggalak,2022-02-07,https://www.therakyatpost.com/trpbm/berita/2022/02/07/warga-emas-penerima-sinovac-dewasa-bertukar-status-tidak-vaksinasi-jika-tak-ambil-dos-penggalak/,Farahin Fadzil
Nak Tempah Slot Vaksinasi Anak Anda? Ikuti Langkah Mudah Ini,2022-02-03,https://www.therakyatpost.com/trpbm/berita/2022/02/03/nak-tempah-slot-vaksinasi-anak-anda-ikuti-langkah-mudah-ini/,Farahin Fadzil
Ellie Suriaty Akhirnya Ambil Vaksin Demi Patuh Pada Suami,2022-01-12,https://www.therakyatpost.com/trpbm/hiburan/2022/01/12/ellie-suriaty-akhirnya-ambil-vaksin-demi-patuh-pada-suami/,Farahin Fadzil
Ini Cara Mudah Untuk Dapatkan Dos Penggalak Vaksin,2021-12-31,https://www.therakyatpost.com/trpbm/berita/2021/12/31/ini-cara-mudah-untuk-dapatkan-dos-penggalak-vaksin/,Siti Murni
Ini Senarai Lokasi Untuk Anda Terima Vaksin Secara Walk-In Di Sekitar KL & Selangor,2021-12-30,https://www.therakyatpost.com/trpbm/berita/2021/12/30/ini-senarai-lokasi-untuk-anda-terima-vaksin-secara-walk-in-di-sekitar-kl-selangor/,Farahin Fadzil
Dos Penggalak Pfizer & Astrazeneca Dipendek Iaitu Selepas 3 Bulan Vaksin Primer,2021-12-29,https://www.therakyatpost.com/trpbm/berita/2021/12/29/dos-penggalak-pfizer-astrazeneca-dipendek-iaitu-selepas-3-bulan-vaksin-primer/,Siti Murni
Penerima Sinovac Digesa Ambil Dos Penggalak Untuk Kekal Status ‘Vaksinasi Penuh’ – KJ,2021-12-16,https://www.therakyatpost.com/trpbm/berita/2021/12/16/penerima-sinovac-digesa-ambil-dos-penggalak-untuk-kekal-status-vaksinasi-penuh-kj/,Siti Murni
[Video] Guru Tak Ambil Vaksin Kesal Diasingkan Dalam Bilik Stor Beratap Zink,2021-11-23,https://www.therakyatpost.com/trpbm/viral/2021/11/23/video-guru-tak-ambil-vaksin-kesal-diasingkan-dalam-bilik-stor-beratap-zink/,Farahin Fadzil
Kajian Buktikan Keberkesanan Ambil Vaksin Campuran Untuk Dos Penggalak,2021-11-22,https://www.therakyatpost.com/trpbm/berita/2021/11/22/kajian-buktikan-keberkesanan-ambil-vaksin-campuran-untuk-dos-penggalak/,Farahin Fadzil
Singapura Buka Pintu Sempadan Buat Rakyat Malaysia Lengkap Vaksin Bermula 29 November,2021-11-09,https://www.therakyatpost.com/trpbm/berita/2021/11/09/singapura-buka-pintu-sempadan-buat-rakyat-malaysia-lengkap-vaksin-bermula-29-november/,Siti Murni
Tiada Kematian Dikaitkan Dengan Vaksin Covid-19 – KKM,2021-11-02,https://www.therakyatpost.com/trpbm/berita/2021/11/02/tiada-kematian-dikaitkan-dengan-vaksin-covid-19-kkm/,Siti Murni
Vaksin Pfizer Untuk Kanak-kanak 5 Hingga 12 Tahun – KJ,2021-10-29,https://www.therakyatpost.com/trpbm/berita/2021/10/29/vaksin-pfizer-untuk-kanak-kanak-5-hingga-12-tahun-kj/,Siti Murni
Dah Divaksin Di Luar Negara? Sijil Digital Boleh Dapat Kat MySejahtera,2021-10-27,https://www.therakyatpost.com/trpbm/berita/2021/10/27/dah-divaksin-di-luar-negara-sijil-digital-boleh-dapat-kat-mysejahtera/,Farahin Fadzil
Malaysia Bakal Lakukan Kajian Klinikal Vaksin Sinovac Kepada Kanak-kanak Bawah 12 Tahun,2021-10-27,https://www.therakyatpost.com/trpbm/berita/2021/10/27/malaysia-bakal-lakukan-kajian-klinikal-vaksin-sinovac-kepada-kanak-kanak-bawah-12-tahun/,Farahin Fadzil
"Anti-Vaksin Tuduh KJ Bela Jin, Siap Nak Bacakan Qunut Nazilah",2021-10-18,https://www.therakyatpost.com/trpbm/berita/2021/10/18/anti-vaksin-tuduh-kj-bela-jin-siap-nak-bacakan-qunut-nazilah/,Farahin Fadzil
KKM Buat Laporan Polis Terhadap Golongan Anti-Vaksin ‘Annoying’ – KJ,2021-10-15,https://www.therakyatpost.com/trpbm/berita/2021/10/15/kkm-buat-laporan-polis-terhadap-golongan-anti-vaksin-annoying-kj/,Siti Murni
Jangan Sesekali Guna Kad Vaksinasi Palsu Untuk Balik Kampung!,2021-10-11,https://www.therakyatpost.com/trpbm/berita/2021/10/11/jangan-sesekali-guna-kad-vaksinasi-palsu-untuk-balik-kampung/,Siti Murni
Sijil Vaksinasi Covid-19 Kini Boleh Dimuat Turun & Dicetak,2021-10-11,https://www.therakyatpost.com/trpbm/berita/2021/10/11/sijil-vaksinasi-covid-19-kini-boleh-dimuat-turun-dicetak/,Siti Murni
Dos Ketiga Vaksin Covid-19 Akan Diberi Bermula Minggu Ini – KJ,2021-10-11,https://www.therakyatpost.com/trpbm/berita/2021/10/11/dos-ketiga-vaksin-covid-19-akan-diberi-bermula-minggu-ini-kj/,Farahin Fadzil
Guru Akan Terima Tindakan Disiplin Jika Tak Divaksin Sebelum 1 November,2021-10-06,https://www.therakyatpost.com/trpbm/berita/2021/10/06/guru-akan-terima-tindakan-disiplin-jika-tak-divaksin-sebelum-1-november/,Siti Murni
Tak Boleh Divaksin? Anda Boleh Mohon Sijil Khas Di MySejahtera – KJ,2021-10-04,https://www.therakyatpost.com/trpbm/berita/2021/10/04/tak-boleh-divaksin-anda-boleh-mohon-sijil-khas-di-mysejahtera-kj/,Farahin Fadzil
Fasa 3: Belum Vaksin Pun Boleh Dine-In? KJ Beri Penjelasan,2021-10-01,https://www.therakyatpost.com/trpbm/viral/2021/10/01/fasa-3-belum-vaksin-pun-boleh-dine-in/,Siti Murni
"Nak Teman Isteri Bersalin? Boleh, Tapi Suami Kena Lengkap Vaksin",2021-10-01,https://www.therakyatpost.com/trpbm/berita/2021/10/01/nak-teman-isteri-bersalin-boleh-tapi-suami-kena-lengkap-vaksin-kj/,Siti Murni
85.1% Populasi Dewasa Lengkap Vaksin Setakat 28 September,2021-09-29,https://www.therakyatpost.com/trpbm/berita/2021/09/29/85-1-populasi-dewasa-lengkap-vaksin-setakat-28-september/,Siti Murni
"Otw Pulang Hantar Adik Ambil Vaksin, Abang Maut Tercampak Dari Highway",2021-09-27,https://www.therakyatpost.com/trpbm/berita/2021/09/27/otw-pulang-hantar-adik-ambil-vaksin-abang-maut-tercampak-dari-highway/,Siti Murni
"10 Tahun Berkhidmat, Wanita Ini Diberhentikan Kerja Gara-gara Belum Vaksin",2021-09-27,https://www.therakyatpost.com/trpbm/viral/2021/09/27/10-tahun-berkhidmat-wanita-ini-diberhentikan-kerja-gara-gara-belum-vaksin/,Siti Murni
Rentas Negeri Dibenarkan Lepas Capai 90% Vaksinasi Dewasa – PM,2021-09-23,https://www.therakyatpost.com/trpbm/berita/2021/09/23/rentas-negeri-dibenarkan-lepas-capai-90-vaksinasi-dewasa-pm/,Siti Murni
JAIS Beri Senarai Nama Individu Tolak Vaksin Covid-19 Kepada Sultan Selangor,2021-09-22,https://www.therakyatpost.com/trpbm/berita/2021/09/22/jais-beri-senarai-nama-individu-tolak-vaksin-covid-19-kepada-sultan-selangor/,Siti Murni
Vaksin Jenis Pfizer Selamat Untuk Kanak-kanak 5 Hingga 11 Tahun,2021-09-21,https://www.therakyatpost.com/trpbm/berita/2021/09/21/vaksin-jenis-pfizer-selamat-untuk-kanak-kanak-5-hingga-11-tahun/,Siti Murni
Kerajaan Setuju Beri Dos Ketiga Vaksin & Dijangka Mula Awal Oktober 2021,2021-09-20,https://www.therakyatpost.com/trpbm/berita/2021/09/20/kerajaan-setuju-beri-dos-ketiga-vaksin-dijangka-mula-awal-oktober-2021/,Siti Murni
Pelajar Universiti Lengkap Vaksinasi Akan Kembali Ke Kampus Bermula 15 Oktober,2021-09-14,https://www.therakyatpost.com/trpbm/berita/2021/09/14/pelajar-universiti-lengkap-vaksinasi-akan-kembali-ke-kampus-bermula-15-oktober/,Siti Murni
"Isu Tiada Sijil Digital Vaksin Covid-19, Team MySejahtera Diberi Seminggu Untuk Selesaikan",2021-09-10,https://www.therakyatpost.com/trpbm/berita/2021/09/10/isu-tiada-sijil-digital-vaksin-covid-19-team-mysejahtera-diberi-seminggu-untuk-selesaikan/,Siti Murni
"Suri Rumah Rugi RM12,000 Lepas Didenda Akibat Sebar Berita Fake Tentang Vaksin",2021-09-07,https://www.therakyatpost.com/trpbm/berita/2021/09/07/suri-rumah-rugi-rm12000-lepas-didenda-akibat-sebar-berita-fake-tentang-vaksin/,Siti Murni
MAFE Rayu Kerajaan Buka Pawagan Bagi Mereka Yang Lengkap Vaksin Covid-19,2021-09-03,https://www.therakyatpost.com/trpbm/berita/2021/09/03/mafe-rayu-kerajaan-buka-pawagan-bagi-mereka-yang-lengkap-vaksin-covid-19/,Siti Murni
Aplikasi MySejahtera Ditambah Baik Dengan Paparan Status Vaksinasi & Risiko – KJ,2021-09-03,https://www.therakyatpost.com/trpbm/berita/2021/09/03/aplikasi-mysejahtera-ditambah-baik-dengan-paparan-status-vaksinasi-risiko-kj/,Siti Murni
Kuasa Wajibkan Vaksin Pekerja Di Tangan Majikan,2021-09-02,https://www.therakyatpost.com/trpbm/berita/2021/09/02/kuasa-wajibkan-vaksin-pekerja-di-tangan-majikan/,Hakeem Jones
Vaksin Untuk Kanak-kanak Berumur 12 Tahun Masih Dalam Kajian & Belum Ditetapkan,2021-09-02,https://www.therakyatpost.com/trpbm/berita/2021/09/02/vaksin-untuk-kanak-kanak-berumur-12-tahun-masih-dalam-kajian-belum-ditetapkan/,Siti Murni
"15 Juta Populasi Dewasa Telah Lengkap Dua Dos Vaksin Covid-19. Well Done, Malaysia!",2021-09-01,https://www.therakyatpost.com/trpbm/berita/2021/09/01/15-juta-populasi-dewasa-telah-lengkap-dua-dos-vaksin-covid-19-well-done-malaysia/,Siti Murni
"Halang Isteri Ambil Vaksin, Suami Sanggup Lafaz Taklik",2021-08-30,https://www.therakyatpost.com/trpbm/berita/2021/08/30/halang-isteri-ambil-vaksin-suami-sanggup-lafaz-taklik/,Siti Murni
[Video] KJ Beri Salam Lepas Pegawai PPV Halang Rekod Ketika Divaksin. Habislah…,2021-08-27,https://www.therakyatpost.com/trpbm/viral/2021/08/27/video-nurse-beri-izin-rekod-video-ketika-vaksin-pegawai-di-ppv-johor-datang-terus-tutup-kamera/,Siti Murni
Vaksin Dos Ketiga Tak Akan Bantu Penularan Varian Delta – Dr Noor Hisham,2021-08-26,https://www.therakyatpost.com/trpbm/berita/2021/08/26/vaksin-dos-ketiga-tak-akan-bantu-penularan-varian-delta-dr-noor-hisham/,Siti Murni
Selangor Sedia Beri Vaksin Dos Ketiga (Jika Perlu),2021-08-25,https://www.therakyatpost.com/trpbm/berita/2021/08/25/selangor-sedia-beri-vaksin-dos-ketiga-jika-perlu/,Siti Murni
Pasangan Tak Lengkap Vaksin Buat ‘Social Experiment’ Kini Ditahan Polis,2021-08-24,https://www.therakyatpost.com/trpbm/viral/2021/08/24/pasangan-tak-lengkap-vaksin-buat-social-experiment-kini-ditahan-polis/,Siti Murni
Anggota TDM Tolak Vaksin Diberhentikan & Bakal Hilang Pencen,2021-08-24,https://www.therakyatpost.com/trpbm/viral/2021/08/24/anggota-tdm-tolak-vaksin-diberhentikan-bakal-hilang-pencen/,Siti Murni
"Pasangan Buat ‘Social Experiment’ Dine-In, Potong Rambut Tanpa Vaksin Lengkap",2021-08-23,https://www.therakyatpost.com/trpbm/viral/2021/08/23/pasangan-buat-social-experiment-dine-in-potong-rambut-tanpa-vaksin-lengkap/,Siti Murni
TMJ Ingin Jumpa 779 Guru Di Johor Yang Tolak Vaksin Covid-19,2021-08-23,https://www.therakyatpost.com/trpbm/viral/2021/08/23/tmj-ingin-jumpa-779-guru-di-johor-yang-tolak-vaksin-covid-19/,Siti Murni
Pemandu Ambulans Maut Kemalangan Ketika Dalam Perjalanan Ambil Bekalan Vaksin,2021-08-19,https://www.therakyatpost.com/trpbm/berita/2021/08/19/pemandu-ambulans-maut-kemalangan-ketika-dalam-perjalanan-ambil-bekalan-vaksin/,Siti Murni
[Terkini] PICK Akan Mula Beri Vaksin Kepada Kanak-kanak Berumur 12 Hingga 17 Tahun – KJ,2021-08-13,https://www.therakyatpost.com/trpbm/berita/2021/08/13/terkini-pick-akan-mula-beri-vaksin-kepada-kanak-kanak-berumur-12-hingga-17-tahun-kj/,Siti Murni
Pesakit Kanser Tahap Dua Nekad Ambil Suntikan Vaksin Covid-19,2021-08-12,https://www.therakyatpost.com/trpbm/berita/2021/08/12/pesakit-kanser-tahap-dua-nekad-ambil-suntikan-vaksin-covid-19/,Siti Murni
Rakyat Kelantan Terima Vaksin Di Istana,2021-08-02,https://www.therakyatpost.com/trpbm/berita/2021/08/02/rakyat-kelantan-terima-vaksin-di-istana/,Siti Murni
Airasia Lancar PPV Di RedQ Bagi Mempercepat Vaksinasi Buat Kakitangan,2021-07-30,https://www.therakyatpost.com/trpbm/siaran-akhbar/2021/07/30/airasia-lancar-ppv-di-redq-bagi-mempercepat-vaksinasi-buat-kakitangan/,Press Releases
No More Vaksin Kosong: Ini 3 Perkara Anda Perlu Perhatikan Ketika Disuntik,2021-07-28,https://www.therakyatpost.com/trpbm/viral/2021/07/28/no-more-vaksin-kosong-ini-3-perkara-anda-perlu-perhatikan-ketika-disuntik/,Siti Murni
Keputusan Suntikan Vaksin Ketiga Akan Diumumkan Tak Lama Lagi – KJ,2021-07-26,https://www.therakyatpost.com/trpbm/berita/2021/07/26/keputusan-suntikan-vaksin-ketiga-akan-diumumkan-tak-lama-lagi-kj/,Siti Murni
"AJK Masjid & Surau Semak Status Vaksinasi Jemaah, Anti-Vaxx Kantoi Edit Sijil Digital",2021-07-23,https://www.therakyatpost.com/trpbm/viral/2021/07/23/ajk-masjid-surau-semak-status-vaksinasi-jemaah-anti-vaxx-kantoi-edit-sijil-digital/,Siti Murni
"Bawa Pakcik Abu Ambil Vaksin, Kemuliaan Lelaki Ini Dipuji Netizen. Baik Sungguh",2021-07-23,https://www.therakyatpost.com/trpbm/viral/2021/07/23/bawa-pakcik-abu-ambil-vaksin-kemuliaan-lelaki-ini-dipuji-netizen-baik-sungguh/,Siti Murni
PDRM Sahkan Siasatan Terhadap Kes Berkait Vaksin Covid-19,2021-07-22,https://www.therakyatpost.com/trpbm/berita/2021/07/22/pdrm-sahkan-siasatan-terhadap-kes-berkait-vaksin-covid-19/,Siti Murni
"[VIDEO] Tak Pakai Mask, Tak Ambil Vaksin & Provok Anggota PDRM. Lelaki Ini Akhirnya Disaman",2021-07-21,https://www.therakyatpost.com/trpbm/viral/2021/07/21/video-tak-pakai-mask-tak-ambil-vaksin-provok-anggota-pdrm-lelaki-ini-akhirnya-disaman/,Siti Murni
Vaksinasi Walk-in Di Selangor & Kuala Lumpur Hanya Untuk Golongan Tercicir,2021-07-19,https://www.therakyatpost.com/trpbm/berita/2021/07/19/vaksinasi-walk-in-di-selangor-kuala-lumpur-hanya-untuk-golongan-tercicir/,Siti Murni
Kelonggaran SOP Buat Individu Yang Lengkap Dos Vaksin Akan Diumumkan Lepas Raya Haji,2021-07-19,https://www.therakyatpost.com/trpbm/berita/2021/07/19/kelonggaran-sop-buat-individu-yang-lengkap-dos-vaksin-akan-diumumkan-lepas-raya-haji/,Siti Murni
"Henti Terima Sinovac, Kelantan Akan Terima Vaksin Jenis Pfizer Sahaja Bermula Ogos",2021-07-15,https://www.therakyatpost.com/trpbm/berita/2021/07/15/henti-terima-sinovac-kelantan-akan-terima-vaksin-jenis-pfizer-sahaja-bermula-ogos/,Siti Murni
"Vaksinasi Di Malaysia Kekal Lebih 400,000 Suntikan Tiga Hari Berturut-turut",2021-07-15,https://www.therakyatpost.com/trpbm/berita/2021/07/15/vaksinasi-di-malaysia-kekal-lebih-400000-suntikan-tiga-hari-berturut-turut/,Siti Murni
"Pemberian Vaksin Melepasi Angka 300,000 Dos Sehari Selama 4 Hari Berturut-turut",2021-07-09,https://www.therakyatpost.com/trpbm/berita/2021/07/09/pemberian-vaksin-melepasi-angka-300000-dos-sehari-selama-4-hari-berturut-turut/,Siti Murni
Malaysia Bakal Terima 14 Juta Dos Vaksin Covid-19 Bulan Ini,2021-07-07,https://www.therakyatpost.com/trpbm/berita/2021/07/07/malaysia-bakal-terima-14-juta-dos-vaksin-covid-19-bulan-ini/,Siti Murni
"Pemberian Vaksin Melepasi 300,000 Dos Sehari Setakat 5 Julai",2021-07-06,https://www.therakyatpost.com/trpbm/berita/2021/07/06/pemberian-vaksin-melepasi-300000-dos-sehari-setakat-5-julai/,Siti Murni
Anda Tak Boleh Guna ‘Short Cut’ Untuk Dapatkan Temu Janji Vaksin,2021-07-05,https://www.therakyatpost.com/trpbm/viral/2021/07/05/anda-tak-boleh-guna-short-cut-untuk-dapatkan-temu-janji-vaksin/,Siti Murni
PART 3: Senarai Bantuan Pelan Pemulihan Negara Untuk Meningkatkan Vaksinasi,2021-06-29,https://www.therakyatpost.com/trpbm/berita/2021/06/29/part-3-senarai-bantuan-pelan-pemulihan-negara-untuk-meningkatkan-vaksinasi/,Siti Murni
Selangor Hanya Guna 76% Daripada 1.36 Juta Vaksin Dos Yang Diterima – KJ,2021-06-28,https://www.therakyatpost.com/trpbm/berita/2021/06/28/selangor-hanya-guna-76-daripada-1-36-juta-vaksin-dos-yang-diterima-kj/,Siti Murni
"Sebar Berita Palsu Tentang Vaksin Sinovac, Doktor Ini Didenda RM5,000",2021-06-23,https://www.therakyatpost.com/trpbm/berita/2021/06/23/sebar-berita-palsu-tentang-vaksin-sinovac-doktor-ini-didenda-rm5000/,Siti Murni
[TERKINI] Kuala Lumpur & Putrajaya Berjaya Capai 100% Sasaran Pendaftaran Vaksin,2021-06-21,https://www.therakyatpost.com/trpbm/berita/2021/06/21/terkini-kuala-lumpur-putrajaya-berjaya-capai-100-sasaran-pendaftaran-vaksin/,Siti Murni
Pusat Pemberian Vaksin Di Stadium Nasional Bukit Jalil Mula Beroperasi Hari Ini (21 Jun),2021-06-21,https://www.therakyatpost.com/trpbm/berita/2021/06/21/pusat-pemberian-vaksin-di-stadium-nasional-bukit-jalil-mula-beroperasi-hari-ini-21-jun/,Siti Murni
Jepun Dijangka Bakal Sumbang Vaksin AZ Kepada Malaysia,2021-06-16,https://www.therakyatpost.com/trpbm/berita/2021/06/16/jepun-dijangka-bakal-sumbang-vaksin-az-kepada-malaysia/,Siti Murni
AirAsia Allstars Sertai Frontliners Sebagai Sukarelawan Di Pusat Vaksinasi. Terbaik!,2021-06-14,https://www.therakyatpost.com/trpbm/siaran-akhbar/2021/06/14/airasia-allstars-sertai-frontliners-sebagai-sukarelawan-di-pusat-vaksinasi-terbaik/,Press Releases
Patut Atau Tidak Pengambilan Vaksinasi Diwajibkan?,2021-06-09,https://www.therakyatpost.com/trpbm/berita/2021/06/09/patut-atau-tidak-pengambilan-vaksinasi-diwajibkan/,Siti Murni
Apa Yang Kami Tahu (Setakat Ini) Tentang Trak Vaksin Bergerak Di Malaysia,2021-06-09,https://www.therakyatpost.com/trpbm/berita/2021/06/09/apa-yang-kami-tahu-setakat-ini-tentang-trak-vaksin-bergerak-di-malaysia/,Siti Murni
Adakah Vaksinasi Akan Menjadi Keperluan Pekerjaan?,2021-06-08,https://www.therakyatpost.com/trpbm/berita/2021/06/08/adakah-vaksinasi-akan-menjadi-keperluan-pekerjaan/,Siti Murni
Malaysia Sasar 150K Suntikan Harian Vaksin Pada Bulan Jun & 200K Pada Bulan Julai,2021-06-04,https://www.therakyatpost.com/trpbm/berita/2021/06/04/malaysia-sasar-150k-suntikan-harian-vaksin-pada-bulan-jun-200k-pada-bulan-julai/,Siti Murni
5 Buah Pusat Vaksinasi Mega Akan Dibuka Di Selangor & Kuala Lumpur,2021-05-31,https://www.therakyatpost.com/trpbm/berita/2021/05/31/5-buah-pusat-vaksinasi-mega-akan-dibuka-di-selangor-kuala-lumpur/,Siti Murni
Gagal Hadir Temu Janji Vaksin Covid-19? Mungkin Akan Dikenakan Tindakan,2021-05-27,https://www.therakyatpost.com/trpbm/berita/2021/05/27/gagal-hadir-temu-janji-vaksin-covid-19-mungkin-akan-dikenakan-tindakan/,Siti Murni
Hospital Di Ipoh Perjelas Isu Eina Azman & Suami ‘Potong Barisan’ Ambil Vaksin,2021-05-27,https://www.therakyatpost.com/trpbm/viral/2021/05/27/hospital-di-ipoh-perjelas-isu-eina-azman-suami-potong-barisan-ambil-vaksin/,Siti Murni
[VIDEO] Pegawai Agama Daerah Kota Setar & Tun M ‘Bidas’ Dakwaan Mak Teh Si Anti Vaksin,2021-05-27,https://www.therakyatpost.com/trpbm/viral/2021/05/27/video-pegawai-agama-daerah-kota-setar-tun-m-bidas-dakwaan-mak-teh-si-anti-vaksin/,Siti Murni
TLDR: Apa Sebenarnya Berlaku Di Sebalik Kekecohan Isu Vaksinasi Pulau Pinang?,2021-05-24,https://www.therakyatpost.com/trpbm/viral/2021/05/24/tldr-apa-sebenarnya-berlaku-di-sebalik-kekecohan-isu-vaksinasi-pulau-pinang/,Siti Murni
Pusingan Kedua Vaksin AstraZeneca Akan Mula Dibuka Buat Warga Emas Pada 23 Mei 2021 – KJ,2021-05-17,https://www.therakyatpost.com/trpbm/berita/2021/05/17/pusingan-kedua-vaksin-astrazeneca-akan-mula-dibuka-buat-warga-emas-pada-23-mei-2021-kj/,Siti Murni
Rakyat Malaysia Kini Mula Kongsi Timeline #PengalamanVaksin Di Twitter,2021-05-10,https://www.therakyatpost.com/trpbm/viral/2021/05/10/rakyat-malaysia-kini-mula-kongsi-timeline-pengalamanvaksin-di-twitter/,Siti Murni
“Anda Dibenarkan Rentas Daerah Jika Ada Temu Janji Untuk Dapat Suntikan Vaksin” – KJ,2021-05-05,https://www.therakyatpost.com/trpbm/berita/2021/05/05/anda-dibenarkan-rentas-daerah-jika-ada-temu-janji-untuk-dapat-suntikan-vaksin-kj/,Siti Murni
Cuti Untuk Terima Vaksinasi Covid-19? Malaysia Dah Luluskan Pada April 2021 (Tapi…),2021-05-03,https://www.therakyatpost.com/trpbm/berita/2021/05/03/cuti-untuk-terima-vaksinasi-covid-19-malaysia-dah-luluskan-pada-april-2021-tapi/,Siti Murni
Kanak-kanak Lelaki Ditemui Di Cheras Utama Seorang Diri Dengan Banyak Kesan Luka Pada Tubuh Badan,2023-01-16,https://www.therakyatpost.com/trpbm/viral/2023/01/16/kanak-kanak-lelaki-ditemui-di-cheras-utama-seorang-diri-dengan-banyak-kesan-luka-pada-tubuh-badan/,Farahin Fadzil
XBB1.5 Atau ‘Kraken’ Adalah Sub-Varian Paling Berpotensi Cetus Gelombang Besar Covid-19 – WHO,2023-01-09,https://www.therakyatpost.com/trpbm/viral/2023/01/09/xbb1-5-atau-kraken-adalah-sub-varian-paling-berpotensi-cetus-gelombang-besar-covid-19-who/,Siti Murni
KKM Siap Siaga Susulan Situasi Semasa & Perubahan Polisi Covid-19 Di China,2022-12-30,https://www.therakyatpost.com/trpbm/berita/2022/12/30/kkm-siap-siaga-susulan-situasi-semasa-perubahan-polisi-covid-19-di-china/,Siti Murni
PRU15: Video Ucapan Muhyiddin Terima Kecaman Di Media Sosial,2022-11-17,https://www.therakyatpost.com/trpbm/pru15/2022/11/17/pru15-video-ucapan-muhyiddin-terima-kecaman-di-media-sosial/,Siti Murni
6 Pemimpin Muda Berkaliber Yang Patut Kita Beri Perhatian Pada PRU15 [Pendapat],2022-11-16,https://www.therakyatpost.com/opinions/2022/11/16/6-pemimpin-muda-berkaliber-yang-patut-kita-beri-perhatian-pada-pru15-pendapat/,Contributor
Ini Fakta Tentang Khairy Jamaluddin Yang Anda Perlu Tahu,2022-11-09,https://www.therakyatpost.com/trpbm/pru15/2022/11/09/ini-fakta-tentang-khairy-jamaluddin-yang-anda-perlu-tahu/,Siti Murni
Nak Sambut Krismas Di ‘Kuala London’? KJ Saran Rakyat Ambil Suntikan Booster Kedua,2022-10-31,https://www.therakyatpost.com/trpbm/berita/2022/10/31/nak-sambut-krismas-di-kuala-london-kj-saran-rakyat-ambil-suntikan-booster-kedua/,Siti Murni
Bajet 2023: Ini Antara Senarai Inisiatif & Bantuan Kerajaan Kepada Rakyat Malaysia,2022-10-07,https://www.therakyatpost.com/trpbm/berita/2022/10/07/bajet-2023-ini-antara-senarai-inisiatif-bantuan-kerajaan-kepada-rakyat-malaysia/,Siti Murni
Sunway Malls Teraju Komitmen  Ke Atas Matlamat Pembangunan  Lestari PBB Dengan Fokus 6  Inisiatif Kelestarian,2022-09-13,https://www.therakyatpost.com/trpbm/siaran-akhbar/2022/09/13/sunway-malls-teraju-komitmen-ke-atas-matlamat-pembangunan-lestari-pbb-dengan-fokus-6-inisiatif-kelestarian/,Press Releases
"Complete Human Network (CHN), Apple & PIKOM Anjur Seminar Untuk Maju Di Era Kerja Hibrid",2022-08-05,https://www.therakyatpost.com/trpbm/tek/2022/08/05/complete-human-network-chn-apple-pikom-anjur-seminar-untuk-maju-di-era-kerja-hibrid/,Siti Murni
"“Banyak Hidden Gems” – Percutian Di Jeju, Korea Akan Buat Anda Terpukau",2022-07-08,https://www.therakyatpost.com/trpbm/gaya-hidup/2022/07/08/banyak-hidden-gems-percutian-di-jeju-korea-akan-buat-anda-terpukau/,Farahin Fadzil
AirAsia Beri Tips Berguna Sebelum Terbang Balik Kampung Untuk Raya Haji,2022-07-06,https://www.therakyatpost.com/trpbm/gaya-hidup/2022/07/06/airasia-beri-tips-berguna-sebelum-terbang-balik-kampung-untuk-raya-haji/,Siti Murni
Prudential Perkenal Perlindungan Baharu Bantu Masyarakat Atasi Peningkatan Kos Perubatan,2022-06-13,https://www.therakyatpost.com/trpbm/siaran-akhbar/2022/06/13/prudential-perkenal-perlindungan-baharu-bantu-masyarakat-atasi-peningkatan-kos-perubatan/,Farahin Fadzil
"PICKids Extended To 31 May, After That Vaccines For Kids Aren’t Available For Free",2022-05-12,https://www.therakyatpost.com/news/2022/05/12/pickids-extended-to-31-may-after-that-vaccines-for-kids-arent-available-for-free/,Adeline Leong
Jepun Bakal Buka Sempadan Buat Para Pelancong Pada Jun Ini,2022-05-10,https://www.therakyatpost.com/trpbm/jalan-jalan/2022/05/10/jepun-bakal-buka-sempadan-buat-para-pelancong-pada-jun-ini/,Siti Murni
‘No Mask Outdoor’ & 4 Lagi Kelonggaran SOP Oleh Pihak KKM,2022-04-27,https://www.therakyatpost.com/trpbm/berita/2022/04/27/no-mask-outdoor-4-lagi-kelonggaran-sop-oleh-pihak-kkm/,Siti Murni
AirAsia X Rai Penerbangan Semula Laluan Korea Selatan & India,2022-04-22,https://www.therakyatpost.com/trpbm/jalan-jalan/2022/04/22/airasia-x-rai-penerbangan-semula-laluan-korea-selatan-india/,Siti Murni
Wanita Ini Kongsi Cara Tunai Umrah DIY Tanpa Guna Ejen,2022-04-20,https://www.therakyatpost.com/trpbm/viral/2022/04/20/wanita-ini-kongsi-cara-tunai-umrah-diy-tanpa-guna-ejen/,Siti Murni
“Ada Yang 2 Tahun Tak Balik” – Rakyat Bersorak Melepasi Sempadan Singapura Malam Tadi,2022-04-01,https://www.therakyatpost.com/trpbm/viral/2022/04/01/ada-yang-2-tahun-tak-balik-rakyat-bersorak-melepasi-sempadan-singapura-malam-tadi/,Siti Murni
"Covid-19 Vaccination Status Not Removed But Turns Incomplete, Health Ministry Rebuts Fake News",2022-03-29,https://www.therakyatpost.com/news/malaysia/2022/03/29/covid-19-vaccination-status-not-removed-but-turns-incomplete-health-ministry-rebuts-fake-news/,Fernando Fong
Kenali Simptom Long Covid & Apa Anda Perlu Lakukan. Jangan Panik!,2022-03-25,https://www.therakyatpost.com/trpbm/petua/2022/03/25/kenali-simptom-long-covid-apa-anda-perlu-lakukan-jangan-panik/,Siti Murni
Pengembara Tak Perlu Buat Swab Test Di Lapangan Terbang Mulai 1 April,2022-03-25,https://www.therakyatpost.com/trpbm/berita/2022/03/25/pengembara-tak-perlu-buat-swab-test-di-lapangan-terbang-mulai-1-april/,Farahin Fadzil
MySejahtera: How To Transfer Vaccine Certificate To A New Phone Number,2022-03-24,https://www.therakyatpost.com/news/malaysia/2022/03/24/mysejahtera-how-to-transfer-vaccine-certificate-to-a-new-phone-number/,Fernando Fong
M’sian Brothers Denied Entry Into Germany Due To Sinovac Vaccine,2022-03-23,https://www.therakyatpost.com/news/2022/03/23/msian-brothers-denied-entry-into-germany-due-to-sinovac-vaccine/,Adeline Leong
Ini Sebab Kenapa Anda Perlu Sahkan Akaun MySejahtera,2022-03-22,https://www.therakyatpost.com/trpbm/tek/2022/03/22/ini-sebab-kenapa-anda-perlu-sahkan-akaun-mysejahtera/,Farahin Fadzil
How To Book Your Booster Dose Appointment In MySejahtera?,2022-03-19,https://www.therakyatpost.com/news/2022/03/19/how-to-book-your-booster-dose-appointment-in-mysejahtera/,Adeline Leong
"VTL Pulau Pinang – Singapura Bermula Hari Ini, 16 Mac",2022-03-16,https://www.therakyatpost.com/trpbm/berita/2022/03/16/vtl-pulau-pinang-singapura-bermula-hari-ini-16-mac/,Farahin Fadzil
"Staff Faked MySJ Digital Cert, Got Caught After Contracting Covid-19",2022-03-16,https://www.therakyatpost.com/news/2022/03/16/staff-faked-mysj-digital-cert-got-caught-after-contracting-covid-19/,Adeline Leong
Team Maxis Kumpul Dana Bantu Komuniti Terjejas Banjir. Terbaik!,2022-03-15,https://www.therakyatpost.com/trpbm/tek/2022/03/15/team-maxis-kumpul-dana-bantu-komuniti-terjejas-banjir-terbaik/,Siti Murni
Malaysia Bakal Memasuki Fasa Endemik Mulai 1 April Ini,2022-03-08,https://www.therakyatpost.com/trpbm/berita/2022/03/08/malaysia-bakal-memasuki-fasa-endemik-mulai-1-april-ini/,Farahin Fadzil
Nak Travel Melalui VTL? Ini Tips Berguna Untuk Anda,2022-03-07,https://www.therakyatpost.com/trpbm/petua/2022/03/07/nak-travel-melalui-vtl-ini-tips-berguna-untuk-anda/,Farahin Fadzil
VTL Pulau Pinang-Singapura Dijangka Bermula Pertengahan Mac Ini,2022-03-04,https://www.therakyatpost.com/trpbm/berita/2022/03/04/vtl-pulau-pinang-singapura-dijangka-bermula-pertengahan-mac-ini/,Farahin Fadzil
Nak Pergi Genting SkyWorlds? Take Note 7 Perkara Penting Ini Dulu!,2022-03-02,https://www.therakyatpost.com/trpbm/jalan-jalan/2022/03/02/nak-pergi-genting-skyworlds-take-note-7-perkara-penting-ini-dulu/,Siti Murni
Don’t Be A Bad Boss: Netizens Wants Employers To Accept Digital HSO,2022-02-26,https://www.therakyatpost.com/news/malaysia/2022/02/26/dont-be-a-bad-boss-netizens-wants-employers-to-accept-digital-hso/,Fernando Fong
Kontak Rapat Tak Perlu Kuarantin Jika Lengkap Dos Penggalak & Tidak Bergejala,2022-02-25,https://www.therakyatpost.com/trpbm/berita/2022/02/25/kontak-rapat-tak-perlu-kuarantin-jika-lengkap-dos-penggalak-tidak-bergejala/,Farahin Fadzil
"Adult ICU Is Now Full Of Children, What Parents Need To Know About MIS-C",2022-02-19,https://www.therakyatpost.com/news/malaysia/2022/02/19/adult-icu-is-now-full-of-children-what-parents-need-to-know-about-mis-c/,Fernando Fong
KJ Gesa Orang Ramai Mula WFH Untuk Cegah Penularan Wabak Di Tempat Kerja,2022-02-18,https://www.therakyatpost.com/trpbm/berita/2022/02/18/kj-gesa-orang-ramai-mula-wfh-untuk-cegah-penularan-wabak-di-tempat-kerja/,Siti Murni
Tiada Lagi Kuarantin Untuk Kontak Rapat. Bermula Dengan Pekerja Kesihatan – KJ,2022-02-18,https://www.therakyatpost.com/trpbm/berita/2022/02/18/tiada-lagi-kuarantin-untuk-kontak-rapat-bermula-dengan-pekerja-kesihatan-kj/,Farahin Fadzil
Laluan VTL Darat & Udara Malaysia-Singapura Telah Dibuka Sepenuhnya,2022-02-17,https://www.therakyatpost.com/trpbm/berita/2022/02/17/laluan-vtl-darat-udara-malaysia-singapura-telah-dibuka-sepenuhnya/,Farahin Fadzil
[Watch] Nurse Refutes Allegations That She Injected An Empty Syringe Into Khairy’s Son,2022-02-16,https://www.therakyatpost.com/news/2022/02/16/watch-nurse-refutes-allegations-that-she-injected-an-empty-syringe-into-khairys-son/,Adeline Leong
Serious Incidents Reported In 0.0027% Of Covid-19 Vaccine Cases,2022-02-16,https://www.therakyatpost.com/news/malaysia/2022/02/16/serious-side-effects-seen-in-0-0027-of-covid-19-vaccine-cases/,Anne Dorall
Are You Showing Symptoms Of Long Covid? Here’s Where You Can Seek Help,2022-02-16,https://www.therakyatpost.com/news/2022/02/16/are-you-showing-symptoms-of-long-covid-heres-where-you-can-seek-help/,Adeline Leong
Rakyat Malaysia Boleh Bercuti Di Thailand Bermula Mac 2022,2022-02-16,https://www.therakyatpost.com/trpbm/berita/2022/02/16/rakyat-malaysia-boleh-bercuti-di-thailand-bermula-mac-2022/,Siti Murni
Not An Easy Choice: Muda Leadership Votes 5-3 In Favour Of Nurainie,2022-02-13,https://www.therakyatpost.com/news/malaysia/2022/02/13/not-an-easy-choice-muda-leadership-votes-5-3-in-favour-of-nurainie/,Fernando Fong
Sinovac Booster Doses Available For Walk-In At All Offsite PPVs,2022-02-12,https://www.therakyatpost.com/news/2022/02/12/sinovac-booster-doses-available-for-walk-in-at-all-offsite-ppvs/,Adeline Leong
Pelajar IPT Dibenarkan Balik Ke Kampus Bermula 1 Mac Ini,2022-02-10,https://www.therakyatpost.com/trpbm/berita/2022/02/10/pelajar-ipt-dibenarkan-balik-ke-kampus-bermula-1-mac-ini/,Farahin Fadzil
"PICKids Launch In Schools Will Be Announced Soon, Children Get To Be Vaccinated With Friends",2022-02-09,https://www.therakyatpost.com/news/2022/02/09/pickids-launch-in-schools-will-be-announced-soon-children-get-to-be-vaccinated-with-friends/,Adeline Leong
Dijamin Tiada Lagi Perintah Kawalan Pergerakan (PKP) – Azmin Ali,2022-02-08,https://www.therakyatpost.com/trpbm/berita/2022/02/08/dijamin-tiada-lagi-perintah-kawalan-pergerakan-pkp-azmin-ali/,Farahin Fadzil
"Free Balloons, Gifts, Dinosaurs & Play Pens Welcome Children At PICKids PPVs In Klang Valley",2022-02-03,https://www.therakyatpost.com/fun/2022/02/03/free-balloons-gifts-dinosaurs-play-pens-welcome-children-at-pickids-ppvs-in-klang-valley/,Akmal Hakim
Kos Tunai Ibadah Umrah Mungkin Naik RM300?,2022-02-03,https://www.therakyatpost.com/trpbm/berita/2022/02/03/kos-tunai-ibadah-umrah-mungkin-naik-rm300/,Siti Murni
AirAsia Group Muncul Nama Baharu Iaitu ‘Capital A’,2022-01-28,https://www.therakyatpost.com/trpbm/berita/2022/01/28/airasia-group-muncul-nama-baharu-iaitu-capital-a/,Siti Murni
"Omicron Wave Is Here, But High Vax Rates Might Help Reduce Its Severity, Says KJ",2022-01-26,https://www.therakyatpost.com/news/malaysia/2022/01/26/omicron-wave-is-here-but-high-vax-rates-might-help-reduce-its-severity-says-kj/,Hakim Hassan
"Jualan Tiket Bas & Penerbangan Malaysia – Singapura Bermula Hari Ini,  21 Januari",2022-01-21,https://www.therakyatpost.com/trpbm/berita/2022/01/21/jualan-tiket-bas-penerbangan-malaysia-singapura-bermula-hari-ini-21-januari/,Siti Murni
Lelaki Rebah Di Restoran Dipercayai Akibat Serangan Jantung Ketika Bersarapan,2022-01-20,https://www.therakyatpost.com/trpbm/viral/2022/01/20/lelaki-rebah-di-restoran-dipercayai-akibat-serangan-jantung-ketika-bersarapan/,Farahin Fadzil
Wife Sues Husband And KKM After Their Son Got Vaccinated Without Her Consent,2022-01-19,https://www.therakyatpost.com/fun/2022/01/19/wife-sues-husband-and-kkm-after-their-son-got-vaccinated-without-her-consent/,Adeline Leong
Pelancong Kecewa Bekalan Coklat Bebas Cukai Habis Stok Di Pulau Langkawi,2022-01-14,https://www.therakyatpost.com/trpbm/viral/2022/01/14/pelancong-kecewa-bekalan-coklat-bebas-cukai-habis-stok-di-pulau-langkawi/,Farahin Fadzil
Dr Issuing Fake Vaccine Certs Nabbed By Terengganu Police,2022-01-10,https://www.therakyatpost.com/news/malaysia/2022/01/10/dr-issuing-fake-vaccine-certs-nabbed-by-terengganu-police/,Hakim Hassan
"Antivaxxers Willing To Pay RM2,500 To Change MySJ Vaccination Status, Netizens Say It’s Wasting Money",2022-01-08,https://www.therakyatpost.com/news/2022/01/08/antivaxxers-willing-to-pay-rm2500-to-change-mysj-vaccination-status-netizens-say-its-wasting-money/,Adeline Leong
Tiada Lagi Walk-In Untuk Dapatkan Dos Penggalak Di PPV,2022-01-05,https://www.therakyatpost.com/trpbm/berita/2022/01/05/tiada-lagi-walk-in-untuk-dapatkan-dos-penggalak-di-ppv/,Farahin Fadzil
No More Walk-In For Booster Shots At Off-Site Vaccination Centres,2022-01-05,https://www.therakyatpost.com/news/2022/01/05/no-more-walk-in-for-booster-shots-at-off-site-vaccination-centres/,Adeline Leong
Need A Third Covid-19 Dose? Here’s How To Get The Booster Shot,2021-12-30,https://www.therakyatpost.com/news/malaysia/2021/12/30/need-a-third-covid-19-dose-heres-how-to-get-the-booster-shot/,Anne Dorall
"Booster Interval Period For Pfizer And AstraZeneca Shortened To Three Months, Says KJ",2021-12-28,https://www.therakyatpost.com/news/malaysia/2021/12/28/booster-interval-period-for-pfizer-and-astrazeneca-shortened-to-three-months-says-kj/,Hakim Hassan
Vaccine Booster Shot Is Now MANDATORY For Sinovac Recipients & Elderly,2021-12-16,https://www.therakyatpost.com/news/malaysia/2021/12/16/vaccine-booster-shot-mandatory-for-sinovac-recipients-elderly/,Anne Dorall
Laluan Darat Malaysia-Singapura Dibuka Untuk Semua Pengembara Bermula 20 Disember,2021-12-15,https://www.therakyatpost.com/trpbm/berita/2021/12/15/laluan-darat-malaysia-singapura-dibuka-untuk-semua-pengembara-bermula-20-disember/,Farahin Fadzil
Polis Tahan 300 Pengunjung Parti Liar Di Brickfields,2021-12-06,https://www.therakyatpost.com/trpbm/berita/2021/12/06/polis-tahan-300-pengunjung-parti-liar-di-brickfields/,Farahin Fadzil
“Virus Cuma Datang Masjid Je Ke?”- Mufti Perlis Persoal KKM Tak Benar Rapat Saf Di Masjid,2021-12-02,https://www.therakyatpost.com/trpbm/viral/2021/12/02/virus-cuma-datang-masjid-je-ke-mufti-perlis-persoal-kkm-tak-benar-rapat-saf-di-masjid/,Farahin Fadzil
71 Students In Cyberjaya School Test Positive For Covid-19,2021-12-02,https://www.therakyatpost.com/news/2021/12/02/71-students-in-cyberjaya-school-test-positive-for-covid-19/,Adeline Leong
KKM Keluarkan Polisi Terkini Untuk Para Pelawat & Penjaga Di Hospital,2021-11-26,https://www.therakyatpost.com/trpbm/berita/2021/11/26/kkm-keluarkan-polisi-terkini-untuk-para-pelawat-penjaga-di-hospital/,Farahin Fadzil
"70% Nikah Di Siam Sebab Poligami, Kos Nikah Kini Naik Cecah RM1,500",2021-11-26,https://www.therakyatpost.com/trpbm/viral/2021/11/26/70-nikah-di-siam-sebab-poligami-kos-nikah-kini-naik-cecah-rm1500/,Siti Murni
"AstraZeneca, Sinovac Booster Shots Given Conditional Approval By MOH",2021-11-18,https://www.therakyatpost.com/news/malaysia/2021/11/18/astrazeneca-sinovac-booster-shots-given-conditional-approval-by-moh/,Hakim Hassan
Enggan Ambil Dos Penggalak Bakal Jadi Punca Gelombang Baru Hujung Tahun Nanti – Pakar,2021-11-16,https://www.therakyatpost.com/trpbm/berita/2021/11/16/enggan-ambil-dos-penggalak-bakal-jadi-punca-gelombang-baru-hujung-tahun-nanti-pakar/,Siti Murni
Pelancong Asing Dibenarkan Masuk Ke Pulau Langkawi Bermula 15 November,2021-11-15,https://www.therakyatpost.com/trpbm/berita/2021/11/15/pelancong-asing-dibenarkan-masuk-ke-pulau-langkawi-bermula-15-november/,Farahin Fadzil
Majikan Tak Dibenarkan Hubungi Pekerja Selepas Waktu Pejabat,2021-11-15,https://www.therakyatpost.com/trpbm/berita/2021/11/15/majikan-tak-dibenarkan-hubungi-pekerja-selepas-waktu-pejabat/,Farahin Fadzil
Individu 18 Tahun Ke Atas Bakal Terima Dos Penggalak Tidak Lama Lagi,2021-11-12,https://www.therakyatpost.com/trpbm/berita/2021/11/12/individu-18-tahun-ke-atas-bakal-terima-dos-penggalak-tidak-lama-lagi/,Farahin Fadzil
Nagaenthran Bakal Terima Rawatan Perubatan Selepas Sah Positif Covid-19,2021-11-10,https://www.therakyatpost.com/trpbm/berita/2021/11/10/nagaenthran-bakal-terima-rawatan-perubatan-selepas-sah-positif-covid-19/,Farahin Fadzil
"Delta Plus Varian AY.4.2. Dikesan Di Malaysia, Perlu Ke Kita Risau?",2021-11-08,https://www.therakyatpost.com/trpbm/berita/2021/11/08/delta-plus-varian-ay-4-2-dikesan-di-malaysia-perlu-ke-kita-risau/,Farahin Fadzil
Getting Your Digital Cert In MySejahtera If You’re Vaccinated Abroad,2021-10-27,https://www.therakyatpost.com/news/2021/10/27/getting-your-digital-cert-in-mysejahtera-if-youre-vaccinated-abroad/,Adeline Leong
Malaysian Kids Aged 12 And Under To Be Jabbed With Sinovac Vaccine For Study,2021-10-26,https://www.therakyatpost.com/news/malaysia/2021/10/26/malaysian-kids-aged-12-and-under-to-be-jabbed-with-sinovac-vaccine-for-study/,Hakim Hassan
Rakyat Malaysia Kini Ke Arah Pembayaran Digital. Lebih Praktikal & Selamat!,2021-10-25,https://www.therakyatpost.com/trpbm/tek/2021/10/25/rakyat-malaysia-kini-ke-arah-pembayaran-digital-lebih-praktikal-selamat/,Farahin Fadzil
Malaysia Bakal Benarkan Kemasukan Pelancong Dari 10 Negara – Menteri Pelancongan,2021-10-25,https://www.therakyatpost.com/trpbm/berita/2021/10/25/malaysia-bakal-benarkan-kemasukan-pelancong-dari-10-negara-menteri-pelancongan/,Siti Murni
Singapura Buka Pintu Terima Pelancong Dari Malaysia & Lebih Kelonggaran,2021-10-22,https://www.therakyatpost.com/trpbm/berita/2021/10/25/singapura-buka-pintu-terima-pelancong-dari-malaysia-lebih-kelonggaran/,Farahin Fadzil
"Berminat Nak Jadi Model, Pengacara Atau Pelakon? Jom Sertai Event Ini",2021-10-22,https://www.therakyatpost.com/trpbm/viral/2021/10/22/berminat-nak-jadi-model-pengacara-atau-pelakon-jom-sertai-event-ini/,Siti Murni
"Dos Ketiga: Penerima Sinovac Boleh Ambil Pfizer Bermula Hari Ini, 22 Oktober",2021-10-21,https://www.therakyatpost.com/trpbm/berita/2021/10/22/dos-ketiga-penerima-sinovac-boleh-ambil-pfizer-bermula-hari-ini-22-oktober/,Siti Murni
"[Video] Lelaki Menyamar Konon Bertugas, Tapi Sebaliknya Nak Buat Kejutan Untuk Ibu",2021-10-18,https://www.therakyatpost.com/trpbm/viral/2021/10/21/video-lelaki-menyamar-konon-bertugas-tapi-sebaliknya-nak-buat-kejutan-untuk-ibu/,Siti Murni
4 Taman Tema Air Di Selangor Ini Memang Lejen. Jom Bawa Keluarga!,2021-10-18,https://www.therakyatpost.com/trpbm/jalan-jalan/2021/10/18/4-taman-tema-air-di-selangor-ini-memang-lejen-jom-bawa-keluarga/,Farahin Fadzil
"Padah Keluar Mendaki Tanpa Dua Dos, 15 Remaja Dikompaun RM2,000",2021-10-18,https://www.therakyatpost.com/trpbm/berita/2021/10/18/padah-keluar-mendaki-tanpa-dua-dos-15-remaja-dikompaun-rm2000/,Akmal Hakim
“Call Me Dajjal But I’m Going To Do My Job” Health Minister Fires Back At Antivaxxers,2021-10-15,https://www.therakyatpost.com/fun/2021/10/18/health-minister-accused-of-public-bullying-working-with-evil-spirits-by-antivaxxers/,Siti Murni
Lumi News Jadi Aplikasi Berita Dengan Lebih 30 Penerbit & Berita Berkualiti,2021-10-15,https://www.therakyatpost.com/trpbm/tek/2021/10/15/lumi-news-jadi-aplikasi-berita-dengan-lebih-30-penerbit-berita-berkualiti/,Farahin Fadzil
Kerajaan Pertimbang Buka Sempadan Negara Untuk Pelancong Asing,2021-10-15,https://www.therakyatpost.com/trpbm/berita/2021/10/15/kerajaan-pertimbang-buka-sempadan-negara-untuk-pelancong-asing/,Hakim Hassan
"Police Reports Already Made Against “Annoying” Anti-Vaxxers, Says Khairy Jamaluddin",2021-10-14,https://www.therakyatpost.com/news/malaysia/2021/10/15/police-reports-already-made-against-annoying-anti-vaxxers-says-khairy-jamaluddin/,Siti Murni
Air Selangor Jangka Bekalan Air Pulih Secara Berperingkat Pada Jam 5 Petang Hari Ini,2021-10-12,https://www.therakyatpost.com/trpbm/berita/2021/10/14/air-selangor-jangka-bekalan-air-pulih-petang-esok-14-oktober/,Siti Murni
"Perlis Buka Masjid Sepenuhnya Mulai Esok, 13 Oktober",2021-10-12,https://www.therakyatpost.com/trpbm/berita/2021/10/12/perlis-buka-masjid-sepenuhnya-mulai-esok-13-oktober/,Siti Murni
Malaysia Sedia Masuk Fasa Endemik – Dr Noor Hisham,2021-10-11,https://www.therakyatpost.com/trpbm/berita/2021/10/12/malaysia-sedia-masuk-fasa-endemik-dr-noor-hisham/,Farahin Fadzil
15 Negara Ini Sedia Terima Kunjungan Pelancong Dari Malaysia,2021-10-08,https://www.therakyatpost.com/trpbm/jalan-jalan/2021/10/11/15-negara-ini-sedia-terima-kunjungan-pelancong-dari-malaysia/,Hakim Hassan
MOH Approves Pfizer Booster Shots For Individuals Aged 18 And Above,2021-10-07,https://www.therakyatpost.com/news/malaysia/2021/10/08/moh-approves-pfizer-booster-shots-for-individuals-aged-18-and-above/,Siti Murni
Rentas Negeri Dibenarkan Beberapa Hari Lagi – Dr Noor Hisham,2021-10-06,https://www.therakyatpost.com/trpbm/berita/2021/10/07/rentas-negeri-dibenarkan-beberapa-hari-lagi-dr-noor-hisham/,Farahin Fadzil
Buat Swab Test Dulu Baru Balik Kampung – KJ,2021-10-04,https://www.therakyatpost.com/trpbm/berita/2021/10/06/buat-swab-test-dulu-baru-balik-kampung-kj/,Siti Murni
Rakyat Malaysia Boleh Rentas Negeri & Negara Mulai Disember Nanti (Atau Mungkin Lebih Awal),2021-10-04,https://www.therakyatpost.com/trpbm/berita/2021/10/04/rakyat-malaysia-boleh-rentas-negeri-negara-mulai-disember-nanti-atau-mungkin-lebih-awal/,Siti Murni
5 Lokasi Menarik Untuk Staycation Di Selangor. Jom!,2021-10-02,https://www.therakyatpost.com/trpbm/jalan-jalan/2021/10/04/5-lokasi-menarik-untuk-staycation-di-selangor-jom/,Siti Murni
IKEA Perkenal Menu Berasaskan Tumbuhan Special Untuk Bulan Oktober Ini!,2021-10-01,https://www.therakyatpost.com/trpbm/makan-makan/2021/10/02/ikea-perkenal-menu-berasaskan-tumbuhan-special-untuk-bulan-oktober-ini/,Anne Dorall
"“No, Unvaccinated CANNOT Dine In” Khairy Says New SOP ‘Not Updated’",2021-10-01,https://www.therakyatpost.com/news/2021/10/01/no-unvaccinated-cannot-dine-in-khairy-says-new-sop-not-updated/,Farahin Fadzil
"Selepas Pfizer, Sinovac Pula Diluluskan Untuk Remaja Bawah 18 Tahun",2021-10-01,https://www.therakyatpost.com/trpbm/berita/2021/10/01/selepas-pfizer-sinovac-pula-diluluskan-untuk-remaja-bawah-18-tahun/,Akmal Hakim
"“Just Nervous, Tired & Hungry” The Kid Who Collapsed After Being Vaccinated Wasn’t Sick",2021-10-01,https://www.therakyatpost.com/fun/2021/10/01/just-nervous-tired-hungry-the-kid-who-collapsed-after-being-vaccinated-wasnt-sick/,Siti Murni
"Tak ‘Check Out’ MySejahtera, Tak Apa Ke?",2021-09-30,https://www.therakyatpost.com/trpbm/viral/2021/10/01/tak-check-out-mysejahtera-tak-apa-ke/,Siti Murni
Jangkitan Covid-19 Bawah 18 Tahun Naik 32 Kali Ganda,2021-09-30,https://www.therakyatpost.com/trpbm/berita/2021/09/30/jangkitan-covid-19-bawah-18-tahun-naik-32-kali-ganda/,Siti Murni
"Zoo Negara, Aquaria KLCC & Banyak Lagi Akan Dibuka Semula Pada 1 Oktober",2021-09-30,https://www.therakyatpost.com/trpbm/jalan-jalan/2021/09/30/zoo-negara-aquaria-klcc-banyak-lagi-akan-dibuka-semula-pada-1-oktober/,Akmal Hakim
“They Lied” Replied KKM To Claim Of Malaysian Teens Dying After Covid Vaccine,2021-09-30,https://www.therakyatpost.com/fun/2021/09/30/they-lied-replied-kkm-to-claim-of-malaysian-teens-dying-after-covid-vaccine/,Siti Murni
Lembah Klang Beralih Ke Fasa 3 Bermula 1 Oktober,2021-09-27,https://www.therakyatpost.com/trpbm/berita/2021/09/30/lembah-klang-beralih-ke-fasa-3-bermula-1-oktober/,Akmal Hakim
Sabah Worker Let Go After 10 Years Of Employment For Not Taking Covid Vaccine,2021-09-27,https://www.therakyatpost.com/fun/2021/09/27/sabah-worker-let-go-after-10-years-of-employment-for-not-taking-covid-vaccine/,Akmal Hakim
[Watch] Man Barges Into KL Mall While Refusing To Declare Vaccination Status,2021-09-24,https://www.therakyatpost.com/fun/2021/09/27/watch-man-barges-into-kl-mall-while-refusing-to-declare-vaccination-status/,Hakim Hassan
"Malaysia And Singapore Agree To Recognise Vaccine Certs, One Step Closer To Cross Border Movement",2021-09-24,https://www.therakyatpost.com/news/malaysia/2021/09/24/malaysia-and-singapore-agree-to-recognise-vaccine-certs-one-step-closer-to-cross-border-movement/,Siti Murni
Melaka U-Turn Kebenaran Terima Pelancong Pada 1 Oktober. Ini Sebabnya,2021-09-23,https://www.therakyatpost.com/trpbm/viral/2021/09/24/melaka-u-turn-kebenaran-terima-pelancong-pada-1-oktober-ini-sebabnya/,Siti Murni
[Gambar] Wanita Ini Dedah Keadaan Sebenar Di Langkawi. Indah Khabar Dari Rupa!,2021-09-23,https://www.therakyatpost.com/trpbm/berita/2021/09/23/gambar-wanita-ini-dedah-keadaan-sebenar-di-langkawi-indah-khabar-dari-rupa/,Hakim Hassan
"Interstate Travel Possible Once Vaccination Rate Hits 90%, More Businesses Allowed To Reopen, Says PM",2021-09-21,https://www.therakyatpost.com/news/malaysia/2021/09/23/interstate-travel-possible-once-vaccination-rate-hits-90-more-businesses-allowed-to-reopen-says-pm/,Siti Murni
"Portal Home Quarantine Application (HQA) Mula Aktif Hari Ini, 21 September",2021-09-14,https://www.therakyatpost.com/trpbm/berita/2021/09/21/portal-home-quarantine-application-hqa-mula-aktif-hari-ini-21-september/,Siti Murni
Kurung Rakyat Tidak Lagi Sesuai – PM Ismail Sabri,2021-09-14,https://www.therakyatpost.com/trpbm/berita/2021/09/14/kurung-rakyat-tidak-lagi-sesuai-pm-ismail-sabri/,Siti Murni
GSC & TGV Beri Tarikh Buka Semula Cawangan. Excited!,2021-09-13,https://www.therakyatpost.com/trpbm/hiburan/2021/09/14/gsc-tgv-beri-tarikh-buka-semula-cawangan-excited/,Press Releases
"Chup! Sebelum Tempah Tiket AirAsia Ke Langkawi, Ini Perkara Penting Yang Perlu Diketahui",2021-09-10,https://www.therakyatpost.com/press-release/2021/09/13/chup-sebelum-tempah-tiket-airasia-ke-langkawi-ini-perkara-penting-yang-perlu-diketahui/,Siti Murni
Berpuasa Jadi Rahsia Dua Warga Emas Yang Sihat Sehingga Usia Lebih 100 Tahun,2021-09-08,https://www.therakyatpost.com/trpbm/viral/2021/09/10/berpuasa-jadi-rahsia-dua-warga-emas-yang-sihat-sehingga-usia-lebih-100-tahun/,Siti Murni
[Video] “Milo Ke?” Reaksi Nenek Ini Minum Air Starbucks Mencuit Hati. CUTE!,2021-09-08,https://www.therakyatpost.com/trpbm/viral/2021/09/08/video-milo-ke-reaksi-nenek-ini-minum-air-starbucks-mencuit-hati-cute/,Azizul Rahman Ismail
No More Walk-In Vaccination in Klang Valley From 15 September,2021-09-07,https://www.therakyatpost.com/news/malaysia/2021/09/08/no-more-walk-in-vaccination-in-klang-valley-from-15-september/,Siti Murni
Selangor Benarkan 10 Orang Waris Hadir Ke Pengebumian Jenazah Covid-19,2021-09-06,https://www.therakyatpost.com/trpbm/berita/2021/09/07/selangor-benarkan-10-orang-waris-hadir-ke-pengebumian-jenazah-covid-19/,Siti Murni
Kebenaran Rentas Negeri Perlu Diberikan – Pakar,2021-09-06,https://www.therakyatpost.com/trpbm/berita/2021/09/06/kebenaran-rentas-negeri-perlu-diberikan-pakar/,Siti Murni
"Singapura Sumbang 100,000 Dos Sinovac Kepada Johor",2021-09-03,https://www.therakyatpost.com/trpbm/berita/2021/09/06/singapura-sumbang-100000-dos-sinovac-kepada-johor/,Hakeem Jones
Teachers Who Reject Vaccine Won’t Be Teaching Face-To-Face,2021-09-03,https://www.therakyatpost.com/news/malaysia/2021/09/03/teachers-who-reject-vaccine-wont-be-teaching-face-to-face/,Siti Murni
Golongan Terkesan Akibat Pandemik Akan Disediakan Kediaman Pada Kadar Sewa Minimum,2021-09-03,https://www.therakyatpost.com/trpbm/berita/2021/09/03/golongan-terkesan-akibat-pandemik-akan-disediakan-kediaman-pada-kadar-sewa-minimum/,Siti Murni
Tempoh Pembaharuan Lesen Memandu & Motor Dilanjutkan Hingga 31 Disember – Menteri Pengangkutan,2021-09-03,https://www.therakyatpost.com/trpbm/berita/2021/09/03/tempoh-pembaharuan-lesen-memandu-motor-dilanjutkan-hingga-31-disember-menteri-pengangkutan/,Akmal Hakim
5 Top Heroes & ‘Hantu’ That Showed Up To Vaccinations In Malaysia,2021-09-03,https://www.therakyatpost.com/fun/2021/09/03/5-top-heroes-hantu-that-showed-up-to-vaccinations-in-malaysia/,Hakim Hassan
"ICU Bed Capacity In Sabah, Kedah, Perak Is Now Over 100%, Says MOH",2021-09-03,https://www.therakyatpost.com/news/malaysia/2021/09/03/icu-bed-capacity-in-sabah-kedah-perak-is-now-over-100-says-moh/,Press Releases
AirAsia Sedia Sambut Penumpang Pada Hari Malaysia. Wohoo!,2021-09-02,https://www.therakyatpost.com/trpbm/siaran-akhbar/2021/09/03/airasia-sedia-sambut-penumpang-pada-hari-malaysia-wohoo/,Akmal Hakim
Employers Can Make It Mandatory Or Fire Staff Who Refuse Covid Vaccine,2021-08-30,https://www.therakyatpost.com/news/malaysia/2021/09/02/employers-can-make-it-mandatory-or-fire-staff-who-refuse-covid-vaccine/,Akmal Hakim
Malaysian Muslims Couples Are Getting Divorced Over Covid-19 Vaccines,2021-08-30,https://www.therakyatpost.com/news/malaysia/2021/08/30/malaysian-muslims-couples-are-getting-divorced-over-covid-19-vaccines/,Siti Murni
Lembah Klang Hampir Capai Imuniti Kelompok & Boleh Beralih Ke Fasa 2 – PM,2021-08-30,https://www.therakyatpost.com/trpbm/berita/2021/08/30/lembah-klang-hampir-capai-imuniti-kelompok-boleh-beralih-ke-fasa-2-pm/,Siti Murni
"[Video] Raih 1 Juta Tontonan, Rider foodpanda Bantu Tebar Roti Canai Siapkan Order. Terbaik!",2021-08-28,https://www.therakyatpost.com/trpbm/viral/2021/08/30/video-raih-1-juta-tontonan-rider-foodpanda-bantu-tebar-roti-canai-siapkan-order-terbaik/,Azizul Rahman Ismail
More Than Half Of The Teachers Who Met TMJ Refused Vaccination Due To Doubt,2021-08-27,https://www.therakyatpost.com/news/malaysia/2021/08/28/more-than-half-of-the-teachers-who-met-tmj-refused-vaccination-due-to-doubt/,Siti Murni
"960 Bayi, Kanak-kanak & Remaja Dijangkiti Covid-19 Di Sabah",2021-08-27,https://www.therakyatpost.com/trpbm/berita/2021/08/27/960-bayi-kanak-kanak-remaja-dijangkiti-covid-19-di-sabah/,Siti Murni
"Nama Menteri Kesihatan, KJ Makin Trending. Tapi Siapakah Dia Sebenarnya?",2021-08-26,https://www.therakyatpost.com/trpbm/viral/2021/08/27/nama-menteri-kesihatan-kj-makin-trending-tapi-siapakah-dia-sebenarnya/,Siti Murni
Cut X Dignity Tawar Servis Potong Rambut Percuma Bagi Golongan Tidak Berkemampuan,2021-08-24,https://www.therakyatpost.com/trpbm/viral/2021/08/26/cut-x-dignity-tawar-servis-potong-rambut-percuma-bagi-golongan-tidak-berkemampuan/,Siti Murni
Trafik Di Lapangan Terbang Dijangka Akan Mula Sibuk Akhir Tahun Ini,2021-08-23,https://www.therakyatpost.com/trpbm/berita/2021/08/24/trafik-di-lapangan-terbang-dijangka-akan-mula-sibuk-akhir-tahun-ini/,Akmal Hakim
"Anti-Vax Couple Dine-In As ‘Social Experiment’, Then Brag About It On Facebook",2021-08-23,https://www.therakyatpost.com/news/malaysia/2021/08/23/anti-vax-couple-dine-in-as-social-experiment-then-brag-about-it-on-facebook/,Azizul Rahman Ismail
"The Use Of GPs In Vaccinations Not Cancelled, Just Being Reevaluated",2021-08-22,https://www.therakyatpost.com/news/malaysia/2021/08/23/the-use-of-gps-in-vaccinations-not-cancelled-just-being-reevaluated/,Azizul Rahman Ismail
[UPDATE] 779 Teachers In Johor Said No To The Covid-19 Vaccine. Now TMJ Wants To Meet Them.,2021-08-22,https://www.therakyatpost.com/news/malaysia/2021/08/22/779-teachers-in-johor-said-no-to-the-covid-19-vaccine/,Azizul Rahman Ismail
New Regulations For Walk-In Covid-19 Vaccination In Klang Valley Announced,2021-08-20,https://www.therakyatpost.com/news/malaysia/2021/08/22/new-regulations-for-walk-in-covid-19-vaccination-in-klang-valley-announced/,Maya Suraya
RELA Officer Seen “Physically Assaulting” A Migrant Worker Walking In Line To Get Vaccinated,2021-08-20,https://www.therakyatpost.com/living/2021/08/20/rela-officer-seen-physically-assaulting-a-migrant-worker-walking-in-line-to-get-vaccinated/,Siti Murni
"Dine-In Dibenarkan, Tapi Ada Kedai Makan Yang Masih Belum Setuju Untuk Dibuka",2021-08-20,https://www.therakyatpost.com/trpbm/viral/2021/08/20/dine-in-dibenarkan-tapi-ada-kedai-makan-yang-masih-belum-setuju-untuk-dibuka/,Siti Murni
"Banyak Sektor Dibuka Kerana Ekonomi, Bukan Kerana Ianya Selamat – Dr Noor Hisham",2021-08-19,https://www.therakyatpost.com/trpbm/viral/2021/08/20/banyak-sektor-dibuka-kerana-ekonomi-bukan-kerana-ianya-selamat-dr-noor-hisham/,Siti Murni
[Terkini] Dine-In & Kemudahan Tambahan Lain Dibenarkan Bagi Negeri Di Fasa 1 PPN & Seterusnya,2021-08-17,https://www.therakyatpost.com/trpbm/berita/2021/08/19/terkini-dine-in-kemudahan-tambahan-lain-dibenarkan-bagi-negeri-di-fasa-1-ppn-seterusnya/,Siti Murni
"Hampir 8,000 Frontliners Di Hospital Dijangkiti Covid-19",2021-08-17,https://www.therakyatpost.com/trpbm/berita/2021/08/17/hampir-8000-frontliners-di-hospital-dijangkiti-covid-19/,Siti Murni
"ICU Mula Lengang, Tapi Kes Kematian Di Rumah (BID) Masih Tinggi & Serius",2021-08-16,https://www.therakyatpost.com/trpbm/berita/2021/08/17/icu-mula-lengang-tapi-kes-kematian-di-rumah-bid-masih-tinggi-serius/,Siti Murni
[Terkini] Mahiaddin Umum Letak Jawatan Sebagai Perdana Menteri,2021-08-13,https://www.therakyatpost.com/trpbm/berita/2021/08/16/terkini-mahiaddin-umum-letak-jawatan-sebagai-perdana-menteri/,Maya Suraya
There’s A Rising Trend Of Covid-19 Deaths In Pregnant Woman And It’s Scary,2021-08-12,https://www.therakyatpost.com/living/2021/08/13/theres-a-rising-trend-of-covid-19-deaths-in-pregnant-woman-and-its-scary/,Maya Suraya
Stage Two Cancer Patient Determined To Take Covid-19 Vaccination,2021-08-12,https://www.therakyatpost.com/living/2021/08/12/stage-two-cancer-patient-determined-to-take-covid-19-vaccination/,Siti Murni
"[Video] Situasi Di PPV Hotel Grand Seasons, Pihak Rumah Prihatin Tampil Beri Penjelasan",2021-08-11,https://www.therakyatpost.com/trpbm/viral/2021/08/12/video-situasi-di-ppv-hotel-grand-seasons-pihak-rumah-prihatin-tampil-beri-penjelasan/,Siti Murni
Menggelupur ‘Cari Nyawa’. Ibu Hamil Ini Kongsi Pengalaman Diserang Covid-19,2021-08-09,https://www.therakyatpost.com/trpbm/viral/2021/08/11/menggelupur-cari-nyawa-ibu-hamil-ini-kongsi-pengalaman-diserang-covid-19/,Siti Murni
"Awas! Varian Delta Cepat Merebak, Tapi Varian Lambda Membimbangkan Juga",2021-08-05,https://www.therakyatpost.com/trpbm/berita/2021/08/09/awas-varian-delta-cepat-merebak-tapi-varian-lambda-membimbangkan-juga/,Siti Murni
"New Norm: Kes Kian Tinggi, Ini 3 Kaedah Baca Jumlah Kes Harian Positif Covid-19",2021-08-05,https://www.therakyatpost.com/trpbm/berita/2021/08/05/new-norm-kes-kian-tinggi-ini-3-kaedah-baca-jumlah-kes-harian-positif-covid-19/,Siti Murni
[Foto] Kompilasi Warga Perlis Dine-in Buat Warganet ‘Tersakiti’,2021-08-02,https://www.therakyatpost.com/trpbm/viral/2021/08/05/foto-kompilasi-warga-perlis-dine-in-buat-warganet-tersakiti/,Akmal Hakim
"KJ: Klang Valley Vaccinations Successful, Next Is The Rest Of The Country",2021-08-02,https://www.therakyatpost.com/news/malaysia/2021/08/02/kj-klang-valley-vaccinations-successful-next-is-the-rest-of-the-country/,Akmal Hakim
Half Of Malaysian Adults Will Be Vaccinated By Merdeka,2021-07-31,https://www.therakyatpost.com/news/malaysia/2021/08/02/half-of-malaysian-adults-will-be-vaccinated-by-merdeka/,Azizul Rahman Ismail
[UPDATE] Walk-In Vaccination In Klang Valley Delayed For A Day,2021-07-30,https://www.therakyatpost.com/news/malaysia/2021/07/31/walk-in-vaccination-in-klang-valley-delayed-for-a-day/,Akmal Hakim
You Can Now Buy Covid-19 Home Test Kits On MySejahtera Plus Other Fancy New Functions,2021-07-30,https://www.therakyatpost.com/news/malaysia/2021/07/30/you-can-now-buy-covid-19-home-test-kits-on-mysejahtera-plus-other-fancy-new-functions/,Siti Murni
"Nama Penuh Gadis Ini Badjie Xatieqoutieqc Ibadallah. Cuba Sebut, Boleh?",2021-07-29,https://www.therakyatpost.com/trpbm/viral/2021/07/30/nama-penuh-gadis-ini-badjie-xatieqoutieqc-ibadallah-cuba-sebut-boleh/,Siti Murni
Cara Renew Lesen Waktu PKP. 15 Minit Je Boleh Setel!,2021-07-27,https://www.therakyatpost.com/trpbm/petua/2021/07/29/cara-renew-lesen-waktu-pkp-15-minit-je-boleh-setel/,Hakim Hassan
"92% Of Covid-19 Patients Were Not Vaccinated, Says Health DG",2021-07-27,https://www.therakyatpost.com/news/malaysia/2021/07/27/92-of-covid-19-patients-were-not-vaccinated-says-health-dg/,Siti Murni
Labuan Jadi Wilayah Persekutuan Pertama Capai Imuniti Kelompok Bendung Covid-19,2021-07-26,https://www.therakyatpost.com/trpbm/berita/2021/07/27/labuan-jadi-wilayah-persekutuan-pertama-capai-imuniti-kelompok-bendung-covid-19/,Siti Murni
Raja Arab Saudi Titah Untuk Salur Bantuan Segera Buat Malaysia,2021-07-23,https://www.therakyatpost.com/trpbm/berita/2021/07/26/raja-arab-saudi-titah-untuk-salur-bantuan-segera-buat-malaysia/,Hakim Hassan
"You Can Take A Video Of Your Vaccination Process, Says KJ",2021-07-22,https://www.therakyatpost.com/news/malaysia/2021/07/23/you-can-take-a-video-of-your-vaccination-process-says-kj/,Hakim Hassan
Police Confirms Investigations On-Going To Sniff Out Vaccine Scammers,2021-07-22,https://www.therakyatpost.com/news/malaysia/2021/07/22/police-confirms-investigations-on-going-to-sniff-out-vaccine-scammers/,Siti Murni
Dua Dos Pfizer & AstraZeneca Sama Efektif Terhadap Varian Delta,2021-07-21,https://www.therakyatpost.com/trpbm/berita/2021/07/22/dua-dos-pfizer-astrazeneca-sama-efektif-terhadap-varian-delta/,Siti Murni
Sinovac & Pfizer Sama Efektif. Jangan Memilih,2021-07-19,https://www.therakyatpost.com/trpbm/berita/2021/07/21/sinovac-pfizer-sama-efektif-jangan-memilih/,Akmal Hakim
Malaysians Who’ve Completed Vaccinations May Get Relaxed SOP After Aidiladha,2021-07-19,https://www.therakyatpost.com/news/malaysia/2021/07/19/malaysians-whove-completed-vaccinations-may-get-relaxed-sop-after-aidiladha/,Press Releases
Watsons Beri Kotak Penjagaan #KITASAYANGKITA Buat Mereka Yang Memerlukan,2021-07-16,https://www.therakyatpost.com/trpbm/siaran-akhbar/2021/07/19/watsons-beri-kotak-penjagaan-kitasayangkita-buat-mereka-yang-memerlukan/,Siti Murni
Varian Delta Boleh Merebak Sepantas 15 Saat – Dr Noor Hisham,2021-07-14,https://www.therakyatpost.com/trpbm/berita/2021/07/16/varian-delta-boleh-merebak-sepantas-15-saat-dr-noor-hisham/,Hakim Hassan
25% Of Malaysia’s Population Has Received Their First Vaccine Dose,2021-07-13,https://www.therakyatpost.com/news/malaysia/2021/07/14/25-of-malaysias-population-has-received-their-first-vaccine-dose/,Akmal Hakim
204 Out Of 453 Staff At IDCC Shah Alam Vaccination Centre Covid-Positive,2021-07-13,https://www.therakyatpost.com/news/malaysia/2021/07/13/204-out-of-453-staff-at-idcc-shah-alam-vaccination-center-covid-positive/,Siti Murni
[TERKINI] 204 Petugas Di PPV IDCC Shah Alam Positif Covid-19,2021-07-13,https://www.therakyatpost.com/trpbm/berita/2021/07/13/terkini-204-petugas-di-ppv-idcc-shah-alam-positif-covid-19/,Azizul Rahman Ismail
"Vaccination Rates Ramp Back Up With Over 400,000 Shots Per Day",2021-07-13,https://www.therakyatpost.com/news/malaysia/2021/07/13/vaccination-rates-ramp-back-up-with-over-400000-shots-per-day/,Akmal Hakim
Shah Alam Vaccination Centre Temporarily Closed Today For Sanitization,2021-07-13,https://www.therakyatpost.com/news/malaysia/2021/07/13/shah-alam-vaccination-centre-temporarily-closed-today-for-sanitization/,Siti Murni
"Petugas Didapati Positif Covid-19, PPV IDCC Shah Alam Ditutup Hari Ini",2021-07-12,https://www.therakyatpost.com/trpbm/berita/2021/07/13/petugas-didapati-positif-covid-19-ppv-idcc-shah-alam-ditutup-hari-ini/,Azizul Rahman Ismail
Malaysia Drops The Ball On 300K Vaccination Streak,2021-07-09,https://www.therakyatpost.com/news/malaysia/2021/07/12/malaysia-drops-the-ball-on-300k-vaccination-streak/,Siti Murni
Selangor Dijangka Beralih ke Fasa 2 PPN Pada September,2021-07-09,https://www.therakyatpost.com/trpbm/berita/2021/07/09/selangor-dijangka-beralih-ke-fasa-2-ppn-pada-september/,Siti Murni
"Hadir Ke PPV Sedikit ‘Aneh’, Tapi Apa Yang Dibuat Pakcik Ini Sebelum Pulang Amat Menyentuh Hati",2021-07-07,https://www.therakyatpost.com/trpbm/viral/2021/07/09/hadir-ke-ppv-sedikit-aneh-tapi-apa-yang-dibuat-pakcik-ini-sebelum-pulang-amat-menyentuh-hati/,Siti Murni
SOP Fasa 2: Pelan Pemulihan Negara Oleh MKN Dikemaskini Pada 6 Julai,2021-07-07,https://www.therakyatpost.com/trpbm/berita/2021/07/07/sop-fasa-2-pelan-pemulihan-negara-oleh-mkn-berkuat-kuasa-hari-ini-5-julai-2021/,Hakim Hassan
Gov’t Rolls Out Mobile Vaccine Program To Housing Projects & Plantations In Selangor,2021-07-05,https://www.therakyatpost.com/news/malaysia/2021/07/07/govt-rolls-out-mobile-vaccine-program-to-housing-projects-plantations-in-selangor/,Hakim Hassan
"No, You Can’t Hack MySejahtera To Jump The Vaccine Queue",2021-07-05,https://www.therakyatpost.com/news/malaysia/2021/07/05/no-you-cant-hack-mysejahtera-to-jump-the-vaccine-queue/,Siti Murni
"SOP Fasa 1: Pelan Pemulihan Negara Oleh MKN Berkuat Kuasa Hari Ini, 5 Julai 2021",2021-07-05,https://www.therakyatpost.com/trpbm/berita/2021/07/05/sop-fasa-1-pelan-pemulihan-negara-oleh-mkn-berkuat-kuasa-29-jun/,Siti Murni
SOP Perintah Kawalan Pergerakan Diperketat (PKPD) Di Selangor Berkuatkuasa 3 Julai,2021-07-02,https://www.therakyatpost.com/trpbm/berita/2021/07/05/sop-perintah-kawalan-pergerakan-diperketat-pkpd-di-selangor-berkuatkuasa-3-julai/,Anne Dorall
"2nd AZ Dose Appointments Brought Forward, M’sians Urged To Check MySejahtera",2021-07-02,https://www.therakyatpost.com/news/malaysia/2021/07/02/2nd-az-dose-appointments-brought-forward-msians-urged-to-check-mysejahtera/,Siti Murni
"Kadar Inokulasi Kedua Tertinggi Di Malaysia Dicatatkan Semalam, 1 Julai",2021-07-01,https://www.therakyatpost.com/trpbm/berita/2021/07/02/kadar-inokulasi-kedua-tertinggi-di-malaysia-dicatatkan-semalam-1-julai/,Siti Murni
[TERKINI] PKPD Di Beberapa Daerah Di Selangor & Beberapa Lokaliti Kuala Lumpur Bermula 3 Hingga 16 Julai,2021-07-01,https://www.therakyatpost.com/trpbm/berita/2021/07/01/terkini-pkpd-di-beberapa-daerah-di-selangor-seluruh-kuala-lumpur-bermula-3-hingga-16-julai/,Siti Murni
[VIDEO] Kanak-kanak Berjoget Dengan Frontliners Di PKRC Ini Memang Mencuit Hati. Comel!,2021-06-30,https://www.therakyatpost.com/trpbm/video/2021/07/01/video-kanak-kanak-berjoget-dengan-frontliners-di-pkrc-ini-memang-mencuit-hati-comel/,Hakim Hassan
"Everything You Need To Know About Malaysia’s Vaccination Situation (For June 30, 2021)",2021-06-30,https://www.therakyatpost.com/news/malaysia/2021/06/30/everything-you-need-to-know-about-malaysias-vaccination-situation-for-june-30-2021/,Siti Murni
Malaysia Di Kedudukan Ketiga Terakhir Dalam Indeks Covid-19 Terkini Oleh Bloomberg,2021-06-30,https://www.therakyatpost.com/trpbm/berita/2021/06/30/malaysia-di-kedudukan-ketiga-terakhir-dalam-indeks-covid-19-terkini-oleh-bloomberg/,Siti Murni
"Perlis Benarkan Solat Berjemaah Di Masjid Mulai Esok, 1 Julai",2021-06-29,https://www.therakyatpost.com/trpbm/berita/2021/06/30/perlis-benarkan-solat-berjemaah-di-masjid-mulai-esok-1-julai/,Siti Murni
Lelaki Ini Beri Tips Berguna Untuk Urus Duit Moratorium. Good One!,2021-06-29,https://www.therakyatpost.com/trpbm/viral/2021/06/29/lelaki-ini-beri-tips-berguna-untuk-urus-duit-moratorium-good-one/,Siti Murni
PART 2: Senarai Bantuan Pelan Pemulihan Negara Untuk Ekonomi,2021-06-29,https://www.therakyatpost.com/trpbm/berita/2021/06/29/part-2-senarai-bantuan-pelan-pemulihan-negara-untuk-ekonomi/,Siti Murni
PART 1: Senarai Bantuan Pelan Pemulihan Negara Untuk Rakyat Malaysia,2021-06-28,https://www.therakyatpost.com/trpbm/berita/2021/06/29/senarai-bantuan-pelan-pemulihan-negara-untuk-rakyat-malaysia/,Hakeem Jones
"Selangor Says Used 80% Of Vaccines, Refuting KJ’s Claim Of Under Utilization",2021-06-24,https://www.therakyatpost.com/news/malaysia/2021/06/28/selangor-says-used-80-of-vaccines-refuting-kjs-claim-of-under-utilization/,Hakim Hassan
"Cuba Willing To Work With Malaysia To Make Covid-19 Vaccines, Says Ambassador",2021-06-23,https://www.therakyatpost.com/news/malaysia/2021/06/24/cuba-willing-to-work-with-malaysia-to-make-covid-19-vaccines-says-ambassador/,Azizul Rahman Ismail
Malaysia Could Enter Phase 2 By Mid-July,2021-06-18,https://www.therakyatpost.com/news/malaysia/2021/06/23/malaysia-could-enter-phase-2-by-mid-july/,Hakim Hassan
"Form Five Students To Get Vaccines Starting Next Month, Says KJ",2021-06-18,https://www.therakyatpost.com/news/malaysia/2021/06/18/form-five-students-to-get-vaccines-starting-next-month-says-kj/,Akmal Hakim
"Nationwide Infection Rate Is Down, Vaccines Up But Still A Long Way To Go",2021-06-18,https://www.therakyatpost.com/news/malaysia/2021/06/18/nationwide-infection-rate-is-down-vaccines-up-but-still-a-long-way-to-go/,Siti Murni
“Ada Yang Hilang Ingatan” – Doktor Ini Perjelas Apa Maksud ‘Long Covid’,2021-06-17,https://www.therakyatpost.com/trpbm/berita/2021/06/18/ada-yang-hilang-ingatan-doktor-ini-perjelas-apa-maksud-long-covid/,Siti Murni
[VIDEO] Fasih Betul Duta Besar Baru Amerika Syarikat Bertutur Bahasa Melayu. Terkejut Netizen!,2021-06-16,https://www.therakyatpost.com/trpbm/video/2021/06/17/video-fasih-betul-duta-besar-baru-amerika-syarikat-bertutur-bahasa-melayu-terkejut-netizen/,Hakim Hassan
Japan Wants To Give AZ Vaccines To Malaysia,2021-06-15,https://www.therakyatpost.com/news/malaysia/2021/06/16/japan-wants-to-give-az-vaccines-to-malaysia/,Siti Murni
[TERKINI] 4 Fasa Telah Dirancang Untuk Negara Pulih Dari Covid-19 – PM,2021-06-15,https://www.therakyatpost.com/trpbm/berita/2021/06/15/terkini-4-fasa-telah-dirancang-untuk-negara-pulih-dari-covid-19-pm/,Siti Murni
[DIKEMASKINI] SOP PKP ‘Total Lockdown’ Oleh MKN Berkuat Kuasa 15 Jun 2021,2021-06-15,https://www.therakyatpost.com/trpbm/berita/2021/06/15/dikemaskini-sop-pkp-total-lockdown-oleh-mkn-berkuat-kuasa-15-jun-2021/,Anne Dorall
"Kids Above 12 To Be Vaccinated, Single-Dose Covid-19 Vaccines Approved In Race For Herd Immunity",2021-06-14,https://www.therakyatpost.com/news/malaysia/2021/06/15/kids-above-12-to-be-vaccinated-single-dose-covid-19-vaccines-approved-in-race-for-herd-immunity/,Siti Murni
"Lepas Lebih Setahun, Pelan Pemulihan Nasional Covid-19 Kini Dirangka – PM",2021-06-05,https://www.therakyatpost.com/trpbm/berita/2021/06/14/lepas-lebih-setahun-pelan-pemulihan-nasional-covid-19-kini-dirangka-pm/,Azizul Rahman Ismail
MySejahtera Helpdesk Now Addresses Appointment Issues,2021-06-04,https://www.therakyatpost.com/news/malaysia/2021/06/05/mysejahtera-helpdesk-now-addresses-appointment-issues/,Siti Murni
"Hanya Dalam Masa 5 Bulan, Covid-19 Telah Meragut 3 Nyawa Kanak-kanak Di Malaysia",2021-06-03,https://www.therakyatpost.com/trpbm/berita/2021/06/04/hanya-dalam-masa-5-bulan-covid-19-telah-meragut-3-nyawa-kanak-kanak-di-malaysia/,Siti Murni
[DIKEMASKINI] Ini Apa Yang Perlu Rakyat Tahu Tentang SOP PKP ‘Total Lockdown’ Fasa 1,2021-06-03,https://www.therakyatpost.com/trpbm/berita/2021/06/03/ini-apa-yang-perlu-rakyat-tahu-tentang-sop-ketika-perintah-total-lockdown-fasa-1/,Siti Murni
[DIKEMASKINI] SOP PKP ‘Total Lockdown’ Oleh MKN Berkuat Kuasa 1 Jun 2021,2021-06-02,https://www.therakyatpost.com/trpbm/berita/2021/06/03/sop-am-perintah-kawalan-pergerakan-total-lockdown-mula-berkuat-kuasa-1-jun-2021/,Azizul Rahman Ismail
Teacher Posting Fake Vaccine News Gets Country’s First Fake News Ordinance Charge,2021-05-31,https://www.therakyatpost.com/news/malaysia/2021/06/02/490434/,Siti Murni
[TERKINI] PM Umum Rancangan Pemerkasa Plus Bernilai RM40 Bilion,2021-05-30,https://www.therakyatpost.com/trpbm/berita/2021/05/31/terkini-pm-umum-rancangan-pemerkasa-plus-bernilai-rm40-bilion/,Maya Suraya
Over A Million Malaysians Have Received Both Covid-19 Vaccine Doses,2021-05-27,https://www.therakyatpost.com/news/malaysia/2021/05/30/over-a-million-malaysians-have-received-both-covid-19-vaccine-doses/,Maya Suraya
You May Get Fined If You Don’t Show Up For Your Covid-19 Vaccine,2021-05-27,https://www.therakyatpost.com/news/malaysia/2021/05/27/you-may-get-fined-if-you-dont-show-up-for-your-covid-19-vaccine/,Maya Suraya
Decoding What Went Wrong During Yesterday’s (Wednesday 26 May) Astrazeneca’s Vaccine Registration,2021-05-25,https://www.therakyatpost.com/news/malaysia/2021/05/27/decoding-what-went-wrong-during-yesterdays-wednesday-26-may-astrazenecas-vaccine-registration/,Anne Dorall
CONFIRMED: AZ Phase 2 Vaccines Will Open For ALL Tomorrow,2021-05-24,https://www.therakyatpost.com/news/malaysia/2021/05/25/confirmed-az-phase-2-vaccines-will-open-for-all-tomorrow/,Siti Murni
SOP AM Perintah Kawalan Pergerakan (PKP 3.0) Dikemas Kini Oleh MKN,2021-05-21,https://www.therakyatpost.com/trpbm/berita/2021/05/24/sop-am-perintah-kawalan-pergerakan-pkp-3-0-mula-kuat-kuasa-25-mei-2021/,Maya Suraya
#CucukMYAZ 2 Reminder: AstraZeneca Vaccine Open For Registration This Sunday,2021-05-17,https://www.therakyatpost.com/news/malaysia/2021/05/21/cucukmyaz-2-reminder-astrazeneca-vaccine-open-for-registration-this-sunday/,Akmal Hakim
#CucukMYAZ 2: Next Round Of AstraZeneca Vaccine Only Open For Elderly,2021-05-17,https://www.therakyatpost.com/news/malaysia/2021/05/17/cucukmyaz-2-next-round-of-astrazeneca-vaccine-only-open-for-senior-citizens/,Siti Murni
Ini Situasi Covid-19 Di Malaysia Lepas Rakyat Beraya Selama 4 Hari Pada Hujung Minggu Lepas,2021-05-17,https://www.therakyatpost.com/trpbm/berita/2021/05/17/ini-situasi-covid-19-di-malaysia-lepas-rakyat-beraya-selama-4-hari-pada-hujung-minggu-lepas/,Azizul Rahman Ismail
How Malaysia Faced Covid Over The 4-Day Raya Weekend,2021-05-12,https://www.therakyatpost.com/news/malaysia/2021/05/17/how-malaysia-faced-covid-over-the-4-day-raya-weekend/,Siti Murni
SOP Am Perintah Kawalan Pergerakan (PKP 3.0) Oleh MKN [DIKEMASKINI 11 MEI 2021],2021-05-10,https://www.therakyatpost.com/trpbm/berita/2021/05/12/sop-am-perintah-kawalan-pergerakan-pkp-3-0-oleh-mkn-dikemaskini-11-mei-2021/,Siti Murni
[TERKINI] Seluruh Malaysia Kini Berada Di Bawah Perintah Kawalan Pergerakan – PM,2021-05-10,https://www.therakyatpost.com/trpbm/berita/2021/05/10/terkini-seluruh-malaysia-kini-berada-di-bawah-perintah-kawalan-pergerakan-pm/,Siti Murni
SOP Am Perintah Kawalan Pergerakan (PKP 3.0) Oleh MKN [DIKEMASKINI 7 MEI 2021],2021-05-07,https://www.therakyatpost.com/trpbm/berita/2021/05/10/sop-am-perintah-kawalan-pergerakan-pkp-3-0-oleh-mkn-dikemaskini-7-mei-2021/,Siti Murni
[DIKEMASKINI] 6 Mei 2021 – SOP AM Perintah Kawalan Pergerakan (PKP 3.0),2021-05-06,https://www.therakyatpost.com/trpbm/berita/2021/05/07/dikemaskini-6-mei-2021-sop-am-perintah-kawalan-pergerakan-pkp-3-0/,Siti Murni
[DIKEMASKINI] SOP AM Perintah Kawalan Pergerakan (PKP 3.0),2021-05-03,https://www.therakyatpost.com/trpbm/berita/2021/05/06/dikemaskini-sop-am-perintah-kawalan-pergerakan-pkp-3-0/,Kirat Kaur
"To Highlight Malaysian Workers’ Struggles, Activists Hold “Carry the Weight” Silent Protest For Labour Day",2021-04-28,https://www.therakyatpost.com/news/malaysia/2021/05/03/to-highlight-malaysian-workers-struggles-activists-hold-carry-the-weight-silent-protest-for-labour-day/,Hamzah Nazari
"KJ Says Pahang CITF Issued Vaccines To Genting Workers, Acting Without His Knowledge",2021-04-23,https://www.therakyatpost.com/news/malaysia/2021/04/28/kj-says-pahang-citf-issued-vaccines-to-genting-workers-acting-without-his-knowledge/,Hakim Hassan
There’s A Vaccination Centre In Sunway Now & Here’s How To Register If You’re Living In Petaling,2021-04-19,https://www.therakyatpost.com/news/malaysia/2021/04/23/theres-a-vaccination-centre-in-sunway-now-heres-how-to-register-if-youre-living-in-petaling/,Hakim Hassan
"Covid-19 Cases Have Increased By 45% In This Week Alone, Says MOH",2021-04-15,https://www.therakyatpost.com/news/malaysia/2021/04/19/covid-19-cases-have-increased-by-45-in-this-week-alone-says-moh/,Siti Murni
"Kes Covid-19 Cecah 2,000 Hari Ini. KKM Mohon Larangan Rentas Negeri Ditangguh",2021-04-15,https://www.therakyatpost.com/trpbm/berita/2021/04/15/kes-covid-19-cecah-2000-hari-ini-kkm-mohon-larangan-rentas-negeri-ditangguh/,Siti Murni
“Aktiviti Yang Benarkan ‘Mask’ Dibuka Punca Kes COVID-19 Meningkat” – Pakar Kesihatan,2021-04-13,https://www.therakyatpost.com/trpbm/berita/2021/04/15/aktiviti-yang-benarkan-mask-dibuka-punca-kes-covid-19-meningkat-pakar-kesihatan/,Akmal Hakim
"Malaysia Will Have Enough Covid-19 Vaccines For Everyone, But Here’s How You Could Skip The Queue",2021-03-29,https://www.therakyatpost.com/news/malaysia/2021/04/13/malaysia-will-have-enough-covid-19-vaccines-for-everyone-but-heres-how-you-could-skip-the-queue/,Kirat Kaur
"Phase 2 Covid-19 Vaccination Begins April 19, Here’s Who Will Get It",2021-03-27,https://www.therakyatpost.com/news/malaysia/2021/03/29/phase-2-covid-19-vaccination-begins-april-19-heres-who-will-get-it/,Hakim Hassan
"There’s No Pork In AstraZeneca Covid-19 Vaccine, Says Health Minister",2021-03-25,https://www.therakyatpost.com/news/malaysia/2021/03/27/theres-no-pork-in-astrazeneca-covid-19-vaccine-says-health-minister/,Contributor
Malaysia’s Fake News Ordinance: Rigid Rules For A Nuanced Problem [OPINION],2021-03-06,https://www.therakyatpost.com/opinions/2021/03/25/malaysias-fake-news-ordinance-rigid-rules-for-a-nuanced-problem-opinion/,Hakim Hassan
Health Ministry Says It Is The Sole Provider Of Vaccines In Malaysia,2021-03-05,https://www.therakyatpost.com/news/malaysia/2021/03/06/health-ministry-says-it-is-the-sole-provider-of-vaccines-in-malaysia/,Akmal Hakim
Covid-19 Vaccination Hotline & Website Registration Now Available For Malaysians & Non-Citizens,2021-03-05,https://www.therakyatpost.com/news/malaysia/2021/03/05/covid-19-vaccination-hotline-website-registration-now-available-for-malaysians-non-citizens/,Akmal Hakim
"Malaysians Told To Stay Away From Covid-19 Fakes, Counterfeits, Ads & Scams",2021-03-03,https://www.therakyatpost.com/news/malaysia/2021/03/05/malaysians-told-to-stay-away-from-covid-19-fakes-counterfeits-ads-scams/,Akmal Hakim
"More Covid-19 Vaccines Approved For Malaysians, Here’s A Quick Summary Of What We’re Getting",2021-02-22,https://www.therakyatpost.com/news/malaysia/2021/03/03/more-covid-19-vaccines-approved-for-malaysians-heres-a-quick-summary-of-what-were-getting/,Kirat Kaur
"KJ: No, Vaccine Isn’t Dajjal & One World Isn’t An Illuminati New World Order Conspiracy",2021-02-18,https://www.therakyatpost.com/news/malaysia/2021/02/22/kj-no-vaccine-isnt-dajjal-one-world-isnt-an-illuminati-new-world-order-conspiracy/,Akmal Hakim
Want To Get Vaccinated? Here’s All You Need To Know About The National Covid-19 Immunisation Program,2021-02-14,https://www.therakyatpost.com/news/malaysia/2021/02/18/want-to-get-vaccinated-heres-all-you-need-to-know-about-the-national-covid-19-immunisation-program/,Hakim Hassan
Covid-19 Vaccine: Here’s How Malaysians Can Register For Their Dose,2021-02-11,https://www.therakyatpost.com/news/malaysia/2021/02/14/covid-19-vaccine-officially-begins-on-26-feb-heres-how-malaysians-can-register-for-their-dose/,Hakim Hassan
"It’s Official, Covid-19 Vaccines Free For Malaysians & Foreigners Regardless Of Documentation",2021-01-15,https://www.therakyatpost.com/news/malaysia/2021/02/11/its-official-covid-19-vaccines-free-for-malaysians-foreigners-regardless-of-documentation/,Akmal Hakim
Young & Healthy Malaysians Only To Get Covid-19 Vaccine By July 2021,2021-01-06,https://www.therakyatpost.com/news/malaysia/2021/01/15/young-healthy-malaysians-only-to-get-covid-19-vaccine-by-july-2021/,Akmal Hakim
"Covid-19 Vaccine: Not Mandatory & Employers Need To Pay, Say Ministers",2021-01-02,https://www.therakyatpost.com/news/malaysia/2021/01/06/covid-19-vaccine-not-mandatory-employers-need-to-pay-say-ministers/,Hakim Hassan
"Covid-19 Vaccinations Start Next Month: Frontliners, High Risk Individuals To Go First, Says Minister",2020-12-23,https://www.therakyatpost.com/news/malaysia/2021/01/02/covid-19-vaccinations-start-next-month-frontliners-high-risk-individuals-to-go-first-says-minister/,Hakim Hassan
Will You Take The Covid-19 Vaccine? MOH Wants To Know,2020-12-22,https://www.therakyatpost.com/news/malaysia/2020/12/23/will-you-take-the-covid-19-vaccine-moh-wants-to-know/,Tasneem Nazari
"Covid-19: PM Muhyiddin Among First To Be Vaccinated, Here’s What The Rest Of Us Will Get",2020-12-06,https://www.therakyatpost.com/news/malaysia/2020/12/22/covid-19-pm-muhyiddin-among-first-to-be-vaccinated-heres-what-the-rest-of-us-will-get/,Tasneem Nazari
Covid-19 Vaccine: Health D-G Responds To Reuter’s Report Regarding Pfizer’s Supply Problems,2020-12-01,https://www.therakyatpost.com/news/malaysia/2020/12/06/covid-19-vaccine-health-d-g-responds-to-reuters-report-regarding-pfizers-supply-problems/,Anne Dorall
Pneumococcal Vaccine Now FREE In Klinik Kesihatans And Mandatory Beginning 1 Dec 2020,2020-11-30,https://www.therakyatpost.com/news/malaysia/2020/12/01/pneumococcal-vaccine-now-free-in-klinik-kesihatans-and-mandatory-beginning-1-dec-2020/,Tasneem Nazari
"Malaysia Not Giving Covid-19 Vaccine To Children, Depending On Herd Immunity Instead",2019-12-30,https://www.therakyatpost.com/news/malaysia/2020/11/30/malaysia-not-giving-covid-19-vaccine-to-children-depending-on-herd-immunity-instead/,Hakim Hassan
